symbol,name,group,sector,last_date,close,rsi,rsi_label,macd_label,trend,bb_signal,vol_ratio,forecast_1w,forecast_1w_pct,forecast_lower,forecast_upper
1301.T,極洋,small,水産・農林業,2026-07-06,4455.0,57.1,中立,上昇トレンド,横ばい,,0.71,4347.2,-2.42,4095.5,4614.4
1332.T,ニッスイ,mid,水産・農林業,2026-07-06,1304.0,55.1,中立,上昇トレンド,上向き,,0.8,1293.5,-0.81,1178.5,1419.7
1333.T,Ｕｍｉｏｓ,mid,水産・農林業,2026-07-06,1319.0,58.7,中立,上昇トレンド,上向き,,0.81,1289.8,-2.21,1198.9,1387.6
1377.T,サカタのタネ,small,水産・農林業,2026-07-06,4215.0,56.5,中立,下降トレンド,横ばい,,0.67,4199.1,-0.38,3940.5,4474.8
1414.T,ショーボンドホールディングス,mid,建設業,2026-07-06,1274.5,59.8,中立,上昇トレンド,横ばい,上限タッチ,0.79,1246.9,-2.17,1170.7,1328.1
1417.T,ミライト・ワン,mid,建設業,2026-07-06,3868.0,50.0,中立,上昇トレンド,下向き,,0.74,3869.8,0.05,3567.8,4197.5
1419.T,タマホーム,small,建設業,2026-07-06,2992.0,51.7,中立,上昇トレンド,横ばい,,0.48,2873.6,-3.96,2619.0,3153.1
1515.T,日鉄鉱業,small,鉱業,2026-07-06,2571.0,56.0,中立,ゴールデンクロス,下向き,,0.79,2477.7,-3.63,1982.9,3095.9
1518.T,三井松島ホールディングス,small,その他製品,2026-07-06,1557.0,68.9,中立,上昇トレンド,上向き,,0.78,1549.6,-0.48,1433.2,1675.4
1605.T,ＩＮＰＥＸ,mid,鉱業,2026-07-06,3309.0,42.7,中立,ゴールデンクロス,下向き,,0.54,3222.9,-2.6,2838.1,3659.9
1662.T,石油資源開発,small,鉱業,2026-07-06,1669.0,46.3,中立,上昇トレンド,下向き,,0.88,1554.9,-6.84,1327.6,1821.0
1663.T,Ｋ＆Ｏエナジーグループ,small,鉱業,2026-07-06,1881.0,37.3,中立,上昇トレンド,下向き,,0.72,1821.4,-3.17,1630.3,2035.1
167A.T,リョーサン菱洋ホールディングス,small,卸売業,2026-07-06,2759.0,52.7,中立,上昇トレンド,下向き,,0.71,2746.4,-0.46,2509.1,3006.2
1719.T,安藤・間,mid,建設業,2026-07-06,1840.0,59.4,中立,上昇トレンド,横ばい,上限タッチ,1.13,1787.9,-2.83,1668.7,1915.6
1720.T,東急建設,small,建設業,2026-07-06,1218.0,57.2,中立,上昇トレンド,横ばい,,0.95,1162.8,-4.53,1040.8,1299.2
1721.T,コムシスホールディングス,mid,建設業,2026-07-06,5532.0,55.9,中立,上昇トレンド,横ばい,,0.86,5497.6,-0.62,5060.3,5972.8
1766.T,東建コーポレーション,small,建設業,2026-07-06,13000.0,60.2,中立,上昇トレンド,横ばい,,0.65,12728.5,-2.09,11916.3,13596.0
1801.T,大成建設,mid,建設業,2026-07-06,15105.0,58.5,中立,上昇トレンド,横ばい,,0.98,14483.6,-4.11,12425.1,16883.2
1802.T,大林組,mid,建設業,2026-07-06,3405.0,59.3,中立,上昇トレンド,横ばい,上限タッチ,0.71,3270.1,-3.96,2922.7,3658.8
1803.T,清水建設,mid,建設業,2026-07-06,2685.5,57.0,中立,上昇トレンド,横ばい,,0.98,2591.5,-3.5,2241.5,2996.2
1808.T,長谷工コーポレーション,mid,建設業,2026-07-06,2869.5,63.0,中立,上昇トレンド,上向き,,0.52,2828.6,-1.43,2608.3,3067.4
1812.T,鹿島建設,mid,建設業,2026-07-06,6227.0,62.5,中立,上昇トレンド,横ばい,,0.91,6041.8,-2.97,5300.9,6886.2
1820.T,西松建設,mid,建設業,2026-07-06,5376.0,51.7,中立,上昇トレンド,下向き,,1.0,5286.1,-1.67,4929.9,5668.1
1833.T,奥村組,small,建設業,2026-07-06,5760.0,54.5,中立,上昇トレンド,横ばい,,0.72,5633.2,-2.2,5210.5,6090.2
1835.T,東鉄工業,small,建設業,2026-07-06,4300.0,51.0,中立,上昇トレンド,横ばい,,0.74,4064.2,-5.48,3669.4,4501.5
1852.T,淺沼組,small,建設業,2026-07-06,875.0,69.2,中立,上昇トレンド,横ばい,,0.98,839.4,-4.07,780.1,903.4
1860.T,戸田建設,mid,建設業,2026-07-06,1630.0,61.5,中立,下降トレンド,上向き,,0.8,1640.5,0.64,1502.4,1791.4
1861.T,熊谷組,small,建設業,2026-07-06,1472.0,61.4,中立,上昇トレンド,横ばい,上限タッチ,1.16,1433.4,-2.62,1305.9,1573.4
1870.T,矢作建設工業,small,建設業,2026-07-06,1876.0,56.6,中立,上昇トレンド,横ばい,上限タッチ,1.08,1818.0,-3.09,1687.0,1959.2
1878.T,大東建託,mid,不動産業,2026-07-06,3175.0,56.3,中立,上昇トレンド,横ばい,上限タッチ,0.71,3071.3,-3.27,2885.0,3269.5
1882.T,東亜道路工業,small,建設業,2026-07-06,1572.0,61.2,中立,上昇トレンド,横ばい,上限タッチ,1.12,1538.8,-2.11,1451.5,1631.4
1885.T,東亜建設工業,small,建設業,2026-07-06,2158.0,45.9,中立,上昇トレンド,下向き,,0.89,2028.0,-6.02,1724.7,2384.6
1893.T,五洋建設,mid,建設業,2026-07-06,1757.0,53.3,中立,ゴールデンクロス,下向き,,0.75,1736.7,-1.16,1491.3,2022.5
1898.T,世紀東急工業,small,建設業,2026-07-06,1464.0,59.7,中立,上昇トレンド,横ばい,上限タッチ,0.89,1445.8,-1.24,1373.3,1522.2
1911.T,住友林業,mid,建設業,2026-07-06,1378.5,62.6,中立,上昇トレンド,上向き,,0.74,1346.5,-2.32,1224.8,1480.3
1925.T,大和ハウス工業,large,建設業,2026-07-06,4563.0,62.4,中立,上昇トレンド,横ばい,上限タッチ,0.85,4428.8,-2.94,4196.7,4673.6
1926.T,ライト工業,small,建設業,2026-07-06,4100.0,59.2,中立,上昇トレンド,上向き,,0.84,4099.7,-0.01,3802.2,4420.5
1928.T,積水ハウス,large,建設業,2026-07-06,3525.0,68.3,中立,上昇トレンド,横ばい,上限タッチ,0.83,3439.1,-2.44,3253.5,3635.4
1934.T,ユアテック,small,建設業,2026-07-06,2472.0,59.0,中立,上昇トレンド,横ばい,,0.83,2407.4,-2.61,2181.2,2657.1
1941.T,中電工,small,建設業,2026-07-06,5450.0,59.9,中立,下降トレンド,上向き,,1.01,5497.6,0.87,5054.3,5979.8
1942.T,関電工,mid,建設業,2026-07-06,6857.0,60.5,中立,上昇トレンド,上向き,,0.52,6786.1,-1.03,5949.1,7740.9
1944.T,きんでん,mid,建設業,2026-07-06,8038.0,59.3,中立,下降トレンド,上向き,,0.67,7982.6,-0.69,6948.0,9171.2
1950.T,日本電設工業,small,建設業,2026-07-06,4425.0,49.9,中立,上昇トレンド,下向き,,0.67,4312.0,-2.55,3819.5,4867.9
1951.T,エクシオグループ,mid,建設業,2026-07-06,2712.0,43.3,中立,下降トレンド,下向き,,0.93,2718.1,0.22,2518.9,2933.0
1952.T,新日本空調,small,建設業,2026-07-06,3935.0,72.3,買われすぎ,上昇トレンド,上向き,,1.34,3829.9,-2.67,3356.5,4369.9
1959.T,クラフティア,mid,建設業,2026-07-06,9299.0,52.1,中立,下降トレンド,上向き,,0.52,9222.7,-0.82,8378.3,10152.2
1961.T,三機工業,small,建設業,2026-07-06,2899.0,57.6,中立,下降トレンド,上向き,,1.0,2908.1,0.31,2537.6,3332.6
1963.T,日揮ホールディングス,mid,建設業,2026-07-06,2552.0,48.0,中立,下降トレンド,横ばい,,0.79,2558.4,0.25,2222.2,2945.4
1968.T,太平電業,small,建設業,2026-07-06,2630.0,49.6,中立,ゴールデンクロス,下向き,,1.0,2564.1,-2.51,2268.3,2898.6
1969.T,高砂熱学工業,mid,建設業,2026-07-06,5186.0,66.3,中立,上昇トレンド,上向き,,0.57,5161.1,-0.48,4551.6,5852.2
1975.T,朝日工業社,small,建設業,2026-07-06,4580.0,65.2,中立,上昇トレンド,上向き,,0.96,4562.8,-0.38,4008.5,5193.8
1979.T,大氣社,small,建設業,2026-07-06,4925.0,72.5,買われすぎ,下降トレンド,上向き,,0.58,5070.7,2.96,4627.7,5556.2
1980.T,ダイダン,small,建設業,2026-07-06,2969.0,64.5,中立,上昇トレンド,上向き,,1.09,2894.1,-2.52,2511.8,3334.6
2001.T,ニップン,small,食料品,2026-07-06,2796.0,57.2,中立,上昇トレンド,上向き,,0.84,2789.0,-0.25,2644.8,2941.1
2002.T,日清製粉グループ本社,mid,食料品,2026-07-06,2027.5,60.3,中立,上昇トレンド,横ばい,上限タッチ,0.78,1993.0,-1.7,1878.8,2114.3
2109.T,ＤＭ三井製糖,small,食料品,2026-07-06,3325.0,62.0,中立,上昇トレンド,横ばい,上限タッチ,0.9,3265.8,-1.78,3133.4,3403.9
2121.T,ＭＩＸＩ,small,情報・通信業,2026-07-06,2869.0,70.4,買われすぎ,上昇トレンド,上向き,上限タッチ,1.0,2828.3,-1.42,2678.9,2986.0
2124.T,ジェイエイシーリクルートメント,small,サービス業,2026-07-06,858.0,58.2,中立,上昇トレンド,上向き,,0.96,851.0,-0.82,796.2,909.4
2127.T,日本Ｍ＆Ａセンターホールディングス,mid,サービス業,2026-07-06,679.5,65.1,中立,上昇トレンド,横ばい,上限タッチ,1.65,658.3,-3.12,606.3,714.7
2146.T,ＵＴグループ,small,サービス業,2026-07-06,177.0,53.6,中立,上昇トレンド,横ばい,,0.87,173.6,-1.92,161.6,186.5
2154.T,オープンアップグループ,small,サービス業,2026-07-06,1941.0,70.6,買われすぎ,上昇トレンド,上向き,,0.65,1938.3,-0.14,1823.3,2060.7
2157.T,コシダカホールディングス,small,サービス業,2026-07-06,981.0,58.3,中立,上昇トレンド,横ばい,,1.13,955.3,-2.62,885.7,1030.3
2168.T,パソナグループ,small,サービス業,2026-07-06,1516.0,50.7,中立,上昇トレンド,横ばい,,0.62,1473.0,-2.84,1349.7,1607.7
2175.T,エス・エム・エス,small,サービス業,2026-07-06,2237.0,70.5,買われすぎ,上昇トレンド,上向き,,0.68,2252.9,0.71,2024.2,2507.4
2181.T,パーソルホールディングス,mid,サービス業,2026-07-06,259.4,67.0,中立,上昇トレンド,上向き,上限タッチ,0.58,255.6,-1.46,238.2,274.2
2201.T,森永製菓,mid,食料品,2026-07-06,2703.5,67.8,中立,上昇トレンド,上向き,上限タッチ,0.69,2632.0,-2.64,2464.6,2810.7
2206.T,江崎グリコ,mid,食料品,2026-07-06,5355.0,49.1,中立,上昇トレンド,下向き,,0.77,5285.7,-1.29,4961.9,5630.6
2212.T,山崎製パン,mid,食料品,2026-07-06,3299.0,61.2,中立,上昇トレンド,上向き,上限タッチ,0.57,3243.0,-1.7,3008.4,3496.0
2220.T,亀田製菓,small,食料品,2026-07-06,1261.0,55.6,中立,上昇トレンド,下向き,,1.18,1208.8,-4.14,1131.8,1291.0
2222.T,寿スピリッツ,mid,食料品,2026-07-06,2562.5,75.1,買われすぎ,上昇トレンド,上向き,,0.41,2560.9,-0.06,2330.8,2813.9
2229.T,カルビー,mid,食料品,2026-07-06,3035.0,65.7,中立,上昇トレンド,横ばい,上限タッチ,0.66,2972.1,-2.07,2840.3,3110.0
2264.T,森永乳業,mid,食料品,2026-07-06,1298.5,59.8,中立,上昇トレンド,上向き,,0.83,1288.4,-0.78,1173.3,1414.8
2267.T,ヤクルト本社,mid,食料品,2026-07-06,2904.0,67.6,中立,上昇トレンド,横ばい,上限タッチ,0.82,2851.8,-1.8,2589.2,3141.0
2269.T,明治ホールディングス,mid,食料品,2026-07-06,3883.0,63.4,中立,上昇トレンド,上向き,,0.51,3827.8,-1.42,3610.2,4058.4
2270.T,雪印メグミルク,small,食料品,2026-07-06,3685.0,58.0,中立,下降トレンド,横ばい,,0.5,3719.0,0.92,3476.7,3978.2
2281.T,プリマハム,small,食料品,2026-07-06,2421.0,58.0,中立,上昇トレンド,横ばい,上限タッチ,0.71,2356.3,-2.67,2223.0,2497.6
2282.T,日本ハム,mid,食料品,2026-07-06,6211.0,58.3,中立,上昇トレンド,横ばい,上限タッチ,0.6,6025.2,-2.99,5611.8,6469.2
2292.T,Ｓ　Ｆｏｏｄｓ,small,食料品,2026-07-06,2685.0,54.3,中立,上昇トレンド,横ばい,上限タッチ,0.63,2621.9,-2.35,2445.6,2810.9
2296.T,伊藤ハム米久ホールディングス,small,食料品,2026-07-06,4800.0,52.3,中立,上昇トレンド,下向き,,0.7,4665.3,-2.81,4441.3,4900.7
2317.T,システナ,small,情報・通信業,2026-07-06,416.0,59.2,中立,上昇トレンド,横ばい,,0.6,406.9,-2.19,372.7,444.2
2326.T,デジタルアーツ,small,情報・通信業,2026-07-06,3880.0,53.8,中立,上昇トレンド,横ばい,上限タッチ,0.53,3544.9,-8.64,3061.7,4104.3
2327.T,日鉄ソリューションズ,mid,情報・通信業,2026-07-06,3671.0,67.3,中立,上昇トレンド,横ばい,上限タッチ,0.6,3515.3,-4.24,3200.3,3861.2
2331.T,ＡＬＳＯＫ,mid,サービス業,2026-07-06,1097.5,53.9,中立,上昇トレンド,横ばい,上限タッチ,0.84,1068.0,-2.69,1003.9,1136.2
2337.T,いちご,small,不動産業,2026-07-06,444.0,50.6,中立,上昇トレンド,横ばい,,0.63,432.6,-2.57,399.2,468.8
2353.T,日本駐車場開発,small,不動産業,2026-07-06,258.0,61.6,中立,上昇トレンド,上向き,上限タッチ,1.57,251.5,-2.52,235.1,269.0
2371.T,カカクコム,mid,サービス業,2026-07-06,3577.0,77.6,買われすぎ,上昇トレンド,上向き,上限タッチ,0.67,3685.8,3.04,3153.6,4307.9
2379.T,ディップ,small,サービス業,2026-07-06,1848.0,61.1,中立,上昇トレンド,上向き,,1.03,1803.1,-2.43,1689.8,1924.0
2384.T,ＳＢＳホールディングス,small,陸運業,2026-07-06,4300.0,43.9,中立,ゴールデンクロス,下向き,,0.52,4361.1,1.42,3978.2,4780.9
2413.T,エムスリー,mid,サービス業,2026-07-06,1902.5,77.9,買われすぎ,上昇トレンド,上向き,,0.59,1866.7,-1.88,1685.3,2067.7
2432.T,ディー・エヌ・エー,mid,情報・通信業,2026-07-06,2663.0,58.3,中立,上昇トレンド,横ばい,,1.22,2612.0,-1.92,2386.1,2859.4
2433.T,博報堂ＤＹホールディングス,mid,サービス業,2026-07-06,1215.5,68.2,中立,上昇トレンド,上向き,上限タッチ,1.38,1200.6,-1.23,1109.1,1299.7
2492.T,インフォマート,small,サービス業,2026-07-06,490.0,74.6,買われすぎ,上昇トレンド,横ばい,上限タッチ,1.52,450.2,-8.12,379.2,534.4
2501.T,サッポロホールディングス,mid,食料品,2026-07-06,1895.5,58.5,中立,上昇トレンド,上向き,,0.64,1883.2,-0.65,1690.5,2097.9
2502.T,アサヒグループホールディングス,large,食料品,2026-07-06,1602.0,62.6,中立,上昇トレンド,横ばい,上限タッチ,0.84,1570.6,-1.96,1484.6,1661.6
2503.T,キリンホールディングス,large,食料品,2026-07-06,2849.0,64.0,中立,上昇トレンド,上向き,,0.54,2846.3,-0.09,2641.9,3066.4
2531.T,宝ホールディングス,mid,食料品,2026-07-06,2137.0,49.4,中立,下降トレンド,横ばい,,0.67,2202.7,3.07,1977.1,2454.1
2579.T,コカ・コーラ　ボトラーズジャパンホールディングス,mid,食料品,2026-07-06,4447.0,72.6,買われすぎ,上昇トレンド,上向き,,0.75,4413.2,-0.76,4013.4,4852.9
2585.T,ライフドリンク　カンパニー,small,食料品,2026-07-06,1581.0,49.2,中立,下降トレンド,横ばい,,0.64,1607.3,1.66,1288.9,2004.4
2587.T,サントリービバレッジ＆フード,mid,食料品,2026-07-06,4621.0,69.2,中立,上昇トレンド,上向き,,0.7,4522.9,-2.12,4238.8,4826.0
2590.T,ダイドーグループホールディングス,small,食料品,2026-07-06,2731.0,63.3,中立,上昇トレンド,上向き,上限タッチ,1.11,2689.6,-1.52,2477.1,2920.3
2593.T,伊藤園,mid,食料品,2026-07-06,3009.0,62.7,中立,上昇トレンド,横ばい,上限タッチ,0.91,2947.9,-2.03,2712.4,3203.7
2602.T,日清オイリオグループ,small,食料品,2026-07-06,1883.0,66.8,中立,上昇トレンド,上向き,上限タッチ,0.69,1853.8,-1.55,1768.5,1943.1
2607.T,不二製油,mid,食料品,2026-07-06,4096.0,64.2,中立,上昇トレンド,上向き,,0.44,4062.9,-0.81,3630.2,4547.0
2659.T,サンエー,small,小売業,2026-07-06,3240.0,57.0,中立,上昇トレンド,横ばい,,0.95,3195.7,-1.37,3007.5,3395.6
2664.T,カワチ薬品,small,小売業,2026-07-06,3360.0,47.2,中立,下降トレンド,横ばい,,0.56,3454.3,2.81,3254.3,3666.7
2670.T,エービーシー・マート,mid,小売業,2026-07-06,2912.0,64.8,中立,上昇トレンド,上向き,上限タッチ,1.44,2850.4,-2.12,2642.2,3074.9
2678.T,アスクル,small,小売業,2026-07-06,1282.0,68.2,中立,上昇トレンド,上向き,上限タッチ,3.38,1250.5,-2.46,1147.1,1363.2
2681.T,ゲオホールディングス,small,小売業,2026-07-06,1990.0,44.2,中立,下降トレンド,横ばい,,0.94,2037.0,2.36,1855.8,2235.7
2685.T,アンドエスティＨＤ,small,小売業,2026-07-06,3610.0,64.8,中立,ゴールデンクロス,上向き,上限タッチ,1.13,3593.6,-0.45,3323.9,3885.2
268A.T,リガク・ホールディングス,small,精密機器,2026-07-06,2394.0,42.4,中立,下降トレンド,下向き,,0.48,2473.9,3.34,1907.3,3208.8
2695.T,くら寿司,small,小売業,2026-07-06,1620.0,54.2,中立,上昇トレンド,横ばい,,0.68,1580.4,-2.44,1450.9,1721.5
2726.T,パルグループホールディングス,small,小売業,2026-07-06,1548.0,65.4,中立,上昇トレンド,横ばい,上限タッチ,1.01,1507.3,-2.63,1362.5,1667.6
2730.T,エディオン,small,小売業,2026-07-06,2238.0,43.8,中立,下降トレンド,横ばい,,0.57,2275.2,1.66,2096.2,2469.5
2733.T,あらた,small,卸売業,2026-07-06,2528.0,55.6,中立,上昇トレンド,横ばい,,0.56,2451.4,-3.03,2341.2,2566.7
2749.T,ＪＰホールディングス,small,サービス業,2026-07-06,616.0,62.3,中立,上昇トレンド,横ばい,上限タッチ,1.08,592.9,-3.75,557.7,630.5
2752.T,フジオフードグループ本社,small,小売業,2026-07-06,1091.0,32.0,中立,下降トレンド,横ばい,,0.66,1107.5,1.51,1066.2,1150.3
2760.T,東京エレクトロン　デバイス,small,卸売業,2026-07-06,4025.0,52.8,中立,下降トレンド,横ばい,,0.98,4102.5,1.93,3608.3,4664.4
2767.T,円谷フィールズホールディングス,small,卸売業,2026-07-06,1445.0,60.3,中立,上昇トレンド,横ばい,上限タッチ,1.51,1409.4,-2.46,1282.4,1549.0
2768.T,双日,mid,卸売業,2026-07-06,5326.0,51.8,中立,上昇トレンド,横ばい,,0.97,5152.6,-3.26,4617.3,5750.0
2784.T,アルフレッサ　ホールディングス,mid,卸売業,2026-07-06,2206.0,51.0,中立,上昇トレンド,下向き,,0.69,2157.5,-2.2,2020.1,2304.1
2791.T,大黒天物産,small,小売業,2026-07-06,4555.0,62.4,中立,上昇トレンド,横ばい,上限タッチ,1.33,4379.5,-3.85,3936.9,4871.9
2801.T,キッコーマン,mid,食料品,2026-07-06,1657.5,63.3,中立,上昇トレンド,上向き,,0.55,1649.4,-0.49,1505.5,1807.0
2802.T,味の素,large,食料品,2026-07-06,6091.0,62.1,中立,上昇トレンド,上向き,,0.65,6095.9,0.08,5329.2,6972.9
2809.T,キユーピー,mid,食料品,2026-07-06,4467.0,67.9,中立,上昇トレンド,上向き,,0.69,4442.5,-0.55,4131.0,4777.5
2810.T,ハウス食品グループ本社,mid,食料品,2026-07-06,3891.0,80.9,買われすぎ,上昇トレンド,上向き,上限タッチ,1.26,3904.6,0.35,3660.3,4165.1
2811.T,カゴメ,mid,食料品,2026-07-06,2677.5,64.1,中立,上昇トレンド,上向き,,0.56,2626.1,-1.92,2505.6,2752.4
2815.T,アリアケジャパン,small,食料品,2026-07-06,5250.0,58.5,中立,上昇トレンド,横ばい,上限タッチ,0.42,5115.1,-2.57,4803.2,5447.3
285A.T,キオクシアホールディングス,mid,電気機器,2026-07-06,81590.0,49.5,中立,下降トレンド,横ばい,,1.04,92528.3,13.41,69261.2,123611.6
2871.T,ニチレイ,mid,食料品,2026-07-06,2190.0,64.5,中立,上昇トレンド,上向き,,0.82,2182.5,-0.34,2048.0,2325.9
2874.T,横浜冷凍,small,卸売業,2026-07-06,2078.0,54.3,中立,上昇トレンド,横ばい,,0.55,2140.2,2.99,1869.4,2450.3
2875.T,東洋水産,mid,食料品,2026-07-06,10865.0,65.9,中立,上昇トレンド,横ばい,上限タッチ,0.81,10577.3,-2.65,9907.0,11292.9
2897.T,日清食品ホールディングス,mid,食料品,2026-07-06,2909.0,65.9,中立,上昇トレンド,上向き,上限タッチ,0.54,2817.2,-3.16,2620.4,3028.8
2914.T,日本たばこ産業,large,食料品,2026-07-06,6189.0,61.7,中立,上昇トレンド,上向き,,0.66,6153.0,-0.58,5772.2,6558.8
2918.T,わらべや日洋ホールディングス,small,食料品,2026-07-06,2713.0,63.6,中立,上昇トレンド,横ばい,上限タッチ,2.58,2642.7,-2.59,2428.2,2876.2
2931.T,ユーグレナ,small,食料品,2026-07-06,344.0,52.5,中立,上昇トレンド,横ばい,,0.98,329.6,-4.19,303.4,358.1
3002.T,グンゼ,small,繊維製品,2026-07-06,4040.0,71.1,買われすぎ,上昇トレンド,上向き,上限タッチ,1.02,3969.4,-1.75,3710.4,4246.4
3003.T,ヒューリック,mid,不動産業,2026-07-06,1753.5,62.1,中立,上昇トレンド,横ばい,上限タッチ,0.72,1707.4,-2.63,1593.2,1829.8
3028.T,アルペン,small,小売業,2026-07-06,2107.0,67.0,中立,上昇トレンド,上向き,上限タッチ,0.93,2089.8,-0.82,1992.8,2191.5
3034.T,クオールホールディングス,small,小売業,2026-07-06,2008.0,71.1,買われすぎ,上昇トレンド,上向き,上限タッチ,1.39,1965.9,-2.1,1799.7,2147.4
3036.T,アルコニックス,small,卸売業,2026-07-06,2541.0,59.9,中立,上昇トレンド,横ばい,,0.74,2477.4,-2.5,2218.1,2767.0
3038.T,神戸物産,mid,卸売業,2026-07-06,2696.5,53.5,中立,上昇トレンド,横ばい,,0.53,2611.0,-3.17,2376.2,2868.9
3046.T,ジンズホールディングス,small,小売業,2026-07-06,7950.0,48.7,中立,下降トレンド,横ばい,,2.04,8279.7,4.15,7260.7,9441.8
3048.T,ビックカメラ,mid,小売業,2026-07-06,1636.0,41.3,中立,下降トレンド,下向き,,0.96,1638.9,0.18,1548.3,1734.8
3050.T,ＤＣＭホールディングス,small,小売業,2026-07-06,1502.0,51.9,中立,上昇トレンド,上向き,,1.0,1488.1,-0.93,1402.5,1578.9
3064.T,ＭｏｎｏｔａＲＯ,mid,小売業,2026-07-06,1927.0,59.6,中立,上昇トレンド,横ばい,,0.48,1889.0,-1.97,1675.8,2129.4
3076.T,あい　ホールディングス,small,卸売業,2026-07-06,2683.0,53.2,中立,上昇トレンド,横ばい,,0.87,2667.9,-0.56,2515.4,2829.8
3086.T,Ｊ．フロント　リテイリング,mid,小売業,2026-07-06,3154.0,63.1,中立,上昇トレンド,上向き,,0.43,3136.6,-0.55,2797.0,3517.4
3087.T,ドトール・日レスホールディングス,small,小売業,2026-07-06,2759.0,58.4,中立,上昇トレンド,横ばい,,0.65,2703.5,-2.01,2559.1,2856.1
3088.T,マツキヨココカラ＆カンパニー,mid,小売業,2026-07-06,2463.0,62.2,中立,上昇トレンド,上向き,上限タッチ,0.74,2420.1,-1.74,2234.0,2621.7
3091.T,ブロンコビリー,small,小売業,2026-07-06,2244.0,57.4,中立,下降トレンド,横ばい,,0.79,2237.8,-0.28,2104.4,2379.6
3092.T,ＺＯＺＯ,mid,小売業,2026-07-06,1164.5,63.8,中立,上昇トレンド,上向き,,0.36,1150.7,-1.19,1053.2,1257.2
3097.T,物語コーポレーション,small,小売業,2026-07-06,4935.0,60.1,中立,上昇トレンド,上向き,上限タッチ,0.75,4879.9,-1.12,4314.9,5518.9
3099.T,三越伊勢丹ホールディングス,mid,小売業,2026-07-06,3739.0,48.0,中立,下降トレンド,上向き,,1.23,3886.1,3.93,3501.7,4312.8
3101.T,東洋紡,small,化学,2026-07-06,1822.0,60.7,中立,下降トレンド,横ばい,,1.88,1820.9,-0.06,1580.0,2098.5
3105.T,日清紡ホールディングス,mid,電気機器,2026-07-06,2405.5,57.1,中立,上昇トレンド,上向き,,0.91,2481.4,3.16,2141.2,2875.7
3106.T,倉敷紡績,small,繊維製品,2026-07-06,10740.0,61.9,中立,上昇トレンド,横ばい,,0.93,10642.5,-0.91,9327.0,12143.7
3107.T,ダイワボウホールディングス,mid,卸売業,2026-07-06,3500.0,57.9,中立,上昇トレンド,上向き,,0.83,3519.9,0.57,3264.3,3795.6
3110.T,日東紡績,small,ガラス・土石製品,2026-07-06,3515.0,40.3,中立,デッドクロス,下向き,,0.51,3451.4,-1.81,2614.3,4556.5
3116.T,トヨタ紡織,mid,輸送用機器,2026-07-06,2266.5,58.8,中立,上昇トレンド,横ばい,,1.02,2206.3,-2.66,2027.0,2401.3
3132.T,マクニカホールディングス,mid,卸売業,2026-07-06,3307.0,55.0,中立,下降トレンド,横ばい,,1.22,3401.3,2.85,3000.9,3855.2
3148.T,クリエイトＳＤホールディングス,small,小売業,2026-07-06,3310.0,59.5,中立,ゴールデンクロス,上向き,上限タッチ,0.97,3287.7,-0.67,3147.7,3434.0
3167.T,ＴＯＫＡＩホールディングス,small,卸売業,2026-07-06,1152.0,60.6,中立,上昇トレンド,上向き,,0.9,1139.1,-1.12,1090.1,1190.3
3182.T,オイシックス・ラ・大地,small,小売業,2026-07-06,1525.0,57.5,中立,上昇トレンド,上向き,,0.51,1524.0,-0.07,1410.3,1646.8
3186.T,ネクステージ,small,小売業,2026-07-06,4130.0,62.9,中立,上昇トレンド,上向き,,2.09,4128.3,-0.04,3588.9,4748.8
3191.T,ジョイフル本田,small,小売業,2026-07-06,2242.0,58.9,中立,上昇トレンド,上向き,,0.93,2243.7,0.08,2136.0,2356.8
3197.T,すかいらーくホールディングス,mid,小売業,2026-07-06,2909.0,60.5,中立,上昇トレンド,横ばい,上限タッチ,0.49,2806.4,-3.53,2609.1,3018.6
3201.T,日本毛織,small,繊維製品,2026-07-06,1813.0,63.5,中立,上昇トレンド,横ばい,上限タッチ,0.66,1773.7,-2.17,1630.1,1930.1
3222.T,ユナイテッド・スーパーマーケット・ホールディングス,small,小売業,2026-07-06,808.0,49.4,中立,上昇トレンド,下向き,,1.11,793.2,-1.83,743.3,846.5
3231.T,野村不動産ホールディングス,mid,不動産業,2026-07-06,954.3,57.5,中立,上昇トレンド,横ばい,,0.68,928.6,-2.69,866.5,995.2
3288.T,オープンハウスグループ,mid,不動産業,2026-07-06,8618.0,52.6,中立,上昇トレンド,下向き,,1.02,8374.3,-2.83,7557.7,9279.2
3289.T,東急不動産ホールディングス,mid,不動産業,2026-07-06,1338.0,58.4,中立,上昇トレンド,横ばい,,0.73,1312.7,-1.89,1214.0,1419.3
3291.T,飯田グループホールディングス,mid,不動産業,2026-07-06,2206.5,55.6,中立,上昇トレンド,上向き,,0.64,2165.3,-1.87,2034.9,2304.0
3349.T,コスモス薬品,mid,小売業,2026-07-06,6650.0,68.7,中立,上昇トレンド,上向き,上限タッチ,1.01,6459.0,-2.87,5930.1,7035.1
3360.T,シップヘルスケアホールディングス,mid,卸売業,2026-07-06,2299.5,70.1,買われすぎ,上昇トレンド,横ばい,上限タッチ,0.56,2209.4,-3.92,2030.2,2404.4
3382.T,セブン＆アイ・ホールディングス,large,小売業,2026-07-06,2083.0,71.3,買われすぎ,上昇トレンド,上向き,上限タッチ,0.86,2027.4,-2.67,1877.7,2189.1
3387.T,クリエイト・レストランツ・ホールディングス,small,小売業,2026-07-06,735.0,58.6,中立,上昇トレンド,横ばい,,0.71,724.4,-1.44,681.0,770.6
3391.T,ツルハホールディングス,mid,小売業,2026-07-06,2255.5,68.3,中立,上昇トレンド,上向き,上限タッチ,1.43,2191.0,-2.86,1965.4,2442.4
3395.T,サンマルクホールディングス,small,小売業,2026-07-06,2559.0,59.0,中立,上昇トレンド,横ばい,上限タッチ,0.92,2490.0,-2.7,2359.5,2627.7
3397.T,トリドールホールディングス,mid,小売業,2026-07-06,3900.0,56.5,中立,上昇トレンド,横ばい,,0.57,3795.4,-2.68,3555.3,4051.7
3401.T,帝人,mid,繊維製品,2026-07-06,1742.0,68.2,中立,上昇トレンド,上向き,上限タッチ,1.19,1707.6,-1.97,1560.2,1868.9
3402.T,東レ,mid,繊維製品,2026-07-06,1175.0,56.6,中立,ゴールデンクロス,横ばい,,1.09,1161.8,-1.12,1052.1,1283.0
3405.T,クラレ,mid,化学,2026-07-06,1730.5,61.6,中立,ゴールデンクロス,上向き,,0.98,1712.6,-1.03,1586.2,1848.9
3407.T,旭化成,large,化学,2026-07-06,1901.0,71.6,買われすぎ,ゴールデンクロス,上向き,上限タッチ,0.93,1897.2,-0.2,1710.4,2104.4
3431.T,宮地エンジニアリンググループ,small,金属製品,2026-07-06,1534.0,49.6,中立,上昇トレンド,下向き,,0.78,1507.6,-1.72,1413.7,1607.7
3433.T,トーカロ,small,金属製品,2026-07-06,3305.0,55.0,中立,上昇トレンド,上向き,,1.06,3329.0,0.73,2990.2,3706.2
3436.T,ＳＵＭＣＯ,mid,金属製品,2026-07-06,5171.0,70.3,買われすぎ,上昇トレンド,上向き,上限タッチ,1.73,5129.5,-0.8,4000.6,6577.0
3445.T,ＲＳ　Ｔｅｃｈｎｏｌｏｇｉｅｓ,small,金属製品,2026-07-06,7960.0,59.9,中立,上昇トレンド,上向き,,1.63,8159.6,2.51,6848.0,9722.4
3465.T,ケイアイスター不動産,small,不動産業,2026-07-06,3730.0,54.5,中立,下降トレンド,横ばい,,0.61,3759.3,0.79,3316.9,4260.7
3498.T,霞ヶ関キャピタル,small,不動産業,2026-07-06,6630.0,54.4,中立,上昇トレンド,上向き,,3.74,6590.5,-0.6,5747.0,7557.8
3543.T,コメダホールディングス,small,卸売業,2026-07-06,2838.0,60.1,中立,上昇トレンド,横ばい,上限タッチ,0.76,2765.4,-2.56,2650.2,2885.6
3549.T,クスリのアオキホールディングス,mid,小売業,2026-07-06,3852.0,62.8,中立,上昇トレンド,横ばい,,0.99,3776.9,-1.95,3455.2,4128.5
3563.T,ＦＯＯＤ　＆　ＬＩＦＥ　ＣＯＭＰＡＮＩＥＳ,mid,小売業,2026-07-06,4616.0,39.4,中立,下降トレンド,下向き,,0.73,4718.9,2.23,4201.1,5300.4
3569.T,セーレン,small,繊維製品,2026-07-06,3405.0,55.0,中立,上昇トレンド,上向き,,1.1,3406.2,0.04,3131.0,3705.6
3591.T,ワコールホールディングス,mid,繊維製品,2026-07-06,4455.0,52.0,中立,上昇トレンド,下向き,,0.78,4423.8,-0.7,4007.7,4883.2
3626.T,ＴＩＳ,mid,情報・通信業,2026-07-06,3364.0,57.6,中立,上昇トレンド,横ばい,上限タッチ,0.63,3270.1,-2.79,2880.4,3712.5
3635.T,コーエーテクモホールディングス,mid,情報・通信業,2026-07-06,1585.5,63.0,中立,上昇トレンド,横ばい,上限タッチ,0.64,1543.0,-2.68,1407.3,1691.8
3659.T,ネクソン,mid,情報・通信業,2026-07-06,2308.5,59.2,中立,上昇トレンド,横ばい,上限タッチ,0.62,2197.6,-4.8,1927.8,2505.3
3697.T,ＳＨＩＦＴ,mid,情報・通信業,2026-07-06,684.1,54.3,中立,上昇トレンド,横ばい,,1.16,674.7,-1.37,560.7,811.7
3769.T,ＧＭＯペイメントゲートウェイ,mid,情報・通信業,2026-07-06,9734.0,69.0,中立,上昇トレンド,上向き,,0.8,9479.0,-2.62,8221.1,10929.4
3774.T,インターネットイニシアティブ,mid,情報・通信業,2026-07-06,3390.0,72.9,買われすぎ,上昇トレンド,上向き,上限タッチ,1.07,3384.4,-0.17,3102.7,3691.7
3861.T,王子ホールディングス,mid,パルプ・紙,2026-07-06,829.7,64.0,中立,上昇トレンド,横ばい,上限タッチ,0.6,811.1,-2.24,763.9,861.2
3923.T,ラクス,mid,情報・通信業,2026-07-06,1033.5,63.9,中立,上昇トレンド,上向き,上限タッチ,0.64,1025.3,-0.79,867.9,1211.3
3941.T,レンゴー,mid,パルプ・紙,2026-07-06,1428.5,57.1,中立,下降トレンド,上向き,,0.91,1443.7,1.06,1316.8,1582.9
3994.T,マネーフォワード,mid,情報・通信業,2026-07-06,4699.0,61.9,中立,上昇トレンド,横ばい,上限タッチ,0.84,4506.9,-4.09,3619.9,5611.4
4004.T,レゾナック・ホールディングス,mid,化学,2026-07-06,16750.0,44.8,中立,下降トレンド,横ばい,,0.75,17731.2,5.86,14578.6,21565.6
4005.T,住友化学,mid,化学,2026-07-06,552.4,52.8,中立,ゴールデンクロス,下向き,,0.75,551.3,-0.2,483.5,628.5
4021.T,日産化学,mid,化学,2026-07-06,8647.0,74.2,買われすぎ,上昇トレンド,上向き,,1.0,8722.0,0.87,7848.4,9692.9
4042.T,東ソー,mid,化学,2026-07-06,2821.5,48.2,中立,下降トレンド,横ばい,,0.66,2904.1,2.93,2620.8,3218.1
4043.T,トクヤマ,mid,化学,2026-07-06,5004.0,52.2,中立,下降トレンド,上向き,,0.81,5167.5,3.27,4479.6,5961.0
4045.T,東亞合成,mid,化学,2026-07-06,1784.0,65.0,中立,上昇トレンド,上向き,,0.86,1766.2,-1.0,1659.7,1879.4
4061.T,デンカ,mid,化学,2026-07-06,4188.0,48.8,中立,下降トレンド,横ばい,,0.58,4260.2,1.72,3710.8,4891.0
4062.T,イビデン,mid,電気機器,2026-07-06,21390.0,47.8,中立,下降トレンド,上向き,,0.71,23795.3,11.24,18199.4,31112.0
4063.T,信越化学工業,large,化学,2026-07-06,7415.0,55.2,中立,下降トレンド,下向き,,1.67,7385.4,-0.4,6475.5,8423.0
4091.T,日本酸素ホールディングス,mid,化学,2026-07-06,6312.0,68.3,中立,上昇トレンド,横ばい,,1.23,6178.7,-2.11,5532.7,6900.1
4114.T,日本触媒,mid,化学,2026-07-06,2117.0,56.4,中立,上昇トレンド,横ばい,,0.69,2082.5,-1.63,1951.5,2222.3
4118.T,カネカ,mid,化学,2026-07-06,5757.0,59.3,中立,下降トレンド,上向き,,0.59,5823.4,1.15,5448.0,6224.6
4151.T,協和キリン,mid,医薬品,2026-07-06,2735.5,75.7,買われすぎ,上昇トレンド,上向き,上限タッチ,0.57,2675.7,-2.19,2364.1,3028.3
417A.T,ブルーゾーンホールディングス,mid,小売業,2026-07-06,1771.5,54.5,中立,上昇トレンド,横ばい,,0.72,1747.4,-1.36,1642.3,1859.2
4182.T,三菱瓦斯化学,mid,化学,2026-07-06,4851.0,44.8,中立,下降トレンド,横ばい,,0.69,5055.0,4.21,4220.6,6054.5
4183.T,三井化学,mid,化学,2026-07-06,2191.5,58.7,中立,ゴールデンクロス,上向き,,0.65,2195.3,0.17,1962.7,2455.4
4186.T,東京応化工業,mid,化学,2026-07-06,10470.0,47.0,中立,下降トレンド,上向き,,0.77,10857.3,3.7,9086.3,12973.6
4188.T,三菱ケミカルグループ,large,化学,2026-07-06,1207.5,69.8,中立,上昇トレンド,上向き,上限タッチ,0.94,1198.9,-0.71,1062.7,1352.5
4194.T,ビジョナル,mid,情報・通信業,2026-07-06,8180.0,60.9,中立,上昇トレンド,横ばい,,0.53,8031.9,-1.81,7060.8,9136.6
4202.T,ダイセル,mid,化学,2026-07-06,1433.0,68.0,中立,上昇トレンド,上向き,上限タッチ,0.57,1419.1,-0.97,1286.2,1565.7
4203.T,住友ベークライト,mid,化学,2026-07-06,7349.0,56.5,中立,下降トレンド,上向き,,0.64,7595.2,3.35,6719.9,8584.5
4204.T,積水化学工業,mid,化学,2026-07-06,2683.0,78.4,買われすぎ,上昇トレンド,上向き,,0.55,2619.5,-2.37,2448.3,2802.6
4205.T,日本ゼオン,mid,化学,2026-07-06,2344.0,58.5,中立,下降トレンド,上向き,,1.16,2402.6,2.5,2169.9,2660.3
4206.T,アイカ工業,mid,化学,2026-07-06,3737.0,70.7,買われすぎ,上昇トレンド,上向き,,0.73,3695.7,-1.11,3516.9,3883.5
4208.T,ＵＢＥ,mid,化学,2026-07-06,3261.0,65.1,中立,下降トレンド,上向き,,0.55,3325.3,1.97,2969.7,3723.6
4272.T,日本化薬,mid,化学,2026-07-06,2021.5,46.9,中立,下降トレンド,横ばい,,0.76,2071.2,2.46,1870.8,2293.0
4307.T,野村総合研究所,large,情報・通信業,2026-07-06,5087.0,64.7,中立,上昇トレンド,横ばい,上限タッチ,0.96,4937.2,-2.94,4207.2,5793.9
4324.T,電通グループ,mid,サービス業,2026-07-06,3305.0,66.4,中立,上昇トレンド,上向き,上限タッチ,0.81,3237.7,-2.04,2902.9,3611.1
4385.T,メルカリ,mid,情報・通信業,2026-07-06,4440.0,65.7,中立,上昇トレンド,横ばい,上限タッチ,0.6,4294.8,-3.27,3759.9,4905.9
4401.T,ＡＤＥＫＡ,mid,化学,2026-07-06,4253.0,54.9,中立,上昇トレンド,上向き,,0.86,4265.6,0.3,3790.4,4800.5
4403.T,日油,mid,化学,2026-07-06,2842.0,61.2,中立,上昇トレンド,横ばい,,0.64,2715.1,-4.47,2446.4,3013.4
4452.T,花王,large,化学,2026-07-06,3327.0,73.3,買われすぎ,上昇トレンド,上向き,,0.7,3273.2,-1.62,3072.9,3486.5
4502.T,武田薬品工業,large,医薬品,2026-07-06,5517.0,70.3,買われすぎ,上昇トレンド,横ばい,上限タッチ,0.92,5329.2,-3.4,4990.8,5690.5
4503.T,アステラス製薬,large,医薬品,2026-07-06,2208.0,54.1,中立,上昇トレンド,横ばい,上限タッチ,0.7,2137.6,-3.19,1944.7,2349.6
4506.T,住友ファーマ,mid,医薬品,2026-07-06,1553.0,53.4,中立,上昇トレンド,横ばい,,0.67,1448.8,-6.71,1159.1,1810.9
4507.T,塩野義製薬,large,医薬品,2026-07-06,2923.0,56.6,中立,上昇トレンド,横ばい,上限タッチ,0.73,2818.1,-3.59,2590.4,3065.8
4516.T,日本新薬,mid,医薬品,2026-07-06,4156.0,54.5,中立,上昇トレンド,横ばい,上限タッチ,0.85,3981.8,-4.19,3604.5,4398.6
4519.T,中外製薬,large,医薬品,2026-07-06,7541.0,49.8,中立,上昇トレンド,横ばい,,0.68,7370.3,-2.26,6486.7,8374.2
4523.T,エーザイ,mid,医薬品,2026-07-06,4340.0,67.6,中立,上昇トレンド,横ばい,上限タッチ,0.69,4118.4,-5.11,3776.5,4491.3
4527.T,ロート製薬,mid,医薬品,2026-07-06,2406.5,53.3,中立,上昇トレンド,横ばい,,0.72,2392.5,-0.58,2224.6,2573.2
4528.T,小野薬品工業,mid,医薬品,2026-07-06,2448.5,62.7,中立,上昇トレンド,横ばい,,0.75,2403.2,-1.85,2228.7,2591.4
4536.T,参天製薬,mid,医薬品,2026-07-06,2236.0,79.3,買われすぎ,上昇トレンド,上向き,,0.85,2223.4,-0.56,2026.6,2439.4
4540.T,ツムラ,mid,医薬品,2026-07-06,3794.0,56.2,中立,上昇トレンド,上向き,上限タッチ,0.67,3775.9,-0.48,3569.7,3993.9
4543.T,テルモ,large,精密機器,2026-07-06,2293.5,57.0,中立,ゴールデンクロス,横ばい,,0.56,2294.5,0.04,2070.6,2542.6
4544.T,Ｈ．Ｕ．グループホールディングス,mid,サービス業,2026-07-06,3436.0,65.2,中立,上昇トレンド,上向き,,0.69,3400.9,-1.02,3166.2,3653.0
4568.T,第一三共,large,医薬品,2026-07-06,2758.0,62.2,中立,上昇トレンド,横ばい,上限タッチ,1.68,2681.2,-2.78,2413.6,2978.4
4578.T,大塚ホールディングス,large,医薬品,2026-07-06,11680.0,64.3,中立,上昇トレンド,横ばい,上限タッチ,0.81,11452.7,-1.95,10417.1,12591.2
4587.T,ペプチドリーム,mid,医薬品,2026-07-06,1040.0,51.1,中立,上昇トレンド,横ばい,,0.74,1009.8,-2.9,890.1,1145.7
4612.T,日本ペイントホールディングス,mid,化学,2026-07-06,1093.5,63.6,中立,上昇トレンド,上向き,,0.48,1086.2,-0.67,992.3,1189.0
4613.T,関西ペイント,mid,化学,2026-07-06,2798.5,75.7,買われすぎ,上昇トレンド,上向き,,0.97,2760.9,-1.34,2577.0,2958.0
4626.T,太陽ホールディングス,mid,化学,2026-07-06,4955.0,42.9,中立,下降トレンド,横ばい,,0.9,5018.2,1.28,4595.8,5479.4
4631.T,ＤＩＣ,mid,化学,2026-07-06,4852.0,52.7,中立,下降トレンド,横ばい,,0.67,5043.0,3.94,4555.9,5582.2
4661.T,オリエンタルランド,large,サービス業,2026-07-06,2561.5,69.4,中立,上昇トレンド,上向き,,0.78,2478.6,-3.24,2275.2,2700.2
4665.T,ダスキン,mid,サービス業,2026-07-06,4434.0,64.6,中立,上昇トレンド,上向き,,0.75,4411.4,-0.51,4183.7,4651.4
4666.T,パーク２４,mid,不動産業,2026-07-06,2030.0,56.2,中立,下降トレンド,上向き,,0.45,2017.2,-0.63,1790.7,2272.3
4676.T,フジ・メディア・ホールディングス,mid,情報・通信業,2026-07-06,4083.0,57.3,中立,ゴールデンクロス,横ばい,,0.86,4013.6,-1.7,3639.2,4426.6
4680.T,ラウンドワン,mid,サービス業,2026-07-06,1246.0,74.1,買われすぎ,上昇トレンド,上向き,,0.88,1224.5,-1.73,1088.2,1377.9
4681.T,リゾートトラスト,mid,サービス業,2026-07-06,1800.0,63.9,中立,上昇トレンド,上向き,上限タッチ,0.75,1759.6,-2.24,1644.4,1882.9
4684.T,オービック,mid,情報・通信業,2026-07-06,4074.0,60.2,中立,上昇トレンド,横ばい,上限タッチ,0.86,3964.6,-2.69,3551.1,4426.1
4689.T,ＬＩＮＥヤフー,large,情報・通信業,2026-07-06,438.7,65.0,中立,上昇トレンド,横ばい,,0.6,432.6,-1.39,393.7,475.5
4704.T,トレンドマイクロ,mid,情報・通信業,2026-07-06,6372.0,61.8,中立,上昇トレンド,上向き,,0.72,6305.0,-1.05,5514.4,7208.9
4716.T,日本オラクル,mid,情報・通信業,2026-07-06,8859.0,57.2,中立,上昇トレンド,上向き,,0.6,8815.7,-0.49,7796.2,9968.5
4732.T,ユー・エス・エス,mid,サービス業,2026-07-06,1954.5,66.3,中立,ゴールデンクロス,上向き,上限タッチ,0.7,1954.5,0.0,1845.1,2070.4
4733.T,オービックビジネスコンサルタント,mid,情報・通信業,2026-07-06,6542.0,67.6,中立,上昇トレンド,横ばい,上限タッチ,0.79,6326.5,-3.29,5667.1,7062.7
4751.T,サイバーエージェント,mid,サービス業,2026-07-06,1537.5,71.8,買われすぎ,上昇トレンド,上向き,上限タッチ,1.63,1493.2,-2.88,1329.4,1677.1
4755.T,楽天グループ,mid,サービス業,2026-07-06,776.6,59.4,中立,上昇トレンド,横ばい,,0.74,755.1,-2.77,683.6,833.9
4768.T,大塚商会,mid,情報・通信業,2026-07-06,2929.5,60.1,中立,上昇トレンド,横ばい,,0.74,2861.8,-2.31,2642.6,3099.1
4887.T,サワイグループホールディングス,mid,医薬品,2026-07-06,1747.5,54.9,中立,上昇トレンド,横ばい,上限タッチ,0.61,1651.7,-5.48,1509.1,1807.8
4901.T,富士フイルムホールディングス,large,化学,2026-07-06,3622.0,66.9,中立,上昇トレンド,上向き,上限タッチ,0.62,3621.1,-0.02,3337.0,3929.3
4902.T,コニカミノルタ,mid,電気機器,2026-07-06,587.0,54.0,中立,ゴールデンクロス,横ばい,,0.93,584.6,-0.41,516.6,661.5
4911.T,資生堂,mid,化学,2026-07-06,2812.5,62.8,中立,上昇トレンド,横ばい,上限タッチ,0.71,2652.6,-5.69,2340.9,3005.7
4912.T,ライオン,mid,化学,2026-07-06,1729.0,67.1,中立,上昇トレンド,上向き,,0.84,1721.3,-0.45,1595.9,1856.6
4922.T,コーセーホールディングス,mid,化学,2026-07-06,5417.0,63.4,中立,上昇トレンド,横ばい,上限タッチ,0.61,5238.3,-3.3,4843.3,5665.5
4927.T,ポーラ・オルビスホールディングス,mid,化学,2026-07-06,1336.5,75.2,買われすぎ,上昇トレンド,横ばい,上限タッチ,0.98,1307.9,-2.14,1252.5,1365.7
4967.T,小林製薬,mid,化学,2026-07-06,5650.0,59.1,中立,上昇トレンド,横ばい,,0.61,5551.7,-1.74,5286.3,5830.5
4980.T,デクセリアルズ,mid,化学,2026-07-06,4264.0,50.2,中立,下降トレンド,横ばい,,0.73,4597.2,7.81,3703.1,5707.2
5016.T,ＪＸ金属,mid,非鉄金属,2026-07-06,4022.0,45.3,中立,下降トレンド,下向き,,0.56,4016.1,-0.15,3145.0,5128.6
5019.T,出光興産,mid,石油・石炭製品,2026-07-06,1243.5,44.2,中立,ゴールデンクロス,下向き,,0.56,1213.5,-2.41,1099.2,1339.7
5020.T,ＥＮＥＯＳホールディングス,large,石油・石炭製品,2026-07-06,1260.0,53.4,中立,上昇トレンド,下向き,,0.68,1225.3,-2.75,1100.1,1364.8
5021.T,コスモエネルギーホールディングス,mid,石油・石炭製品,2026-07-06,3964.0,66.0,中立,上昇トレンド,横ばい,,0.61,3809.4,-3.9,3486.2,4162.6
5076.T,インフロニア・ホールディングス,mid,建設業,2026-07-06,2776.5,64.3,中立,下降トレンド,上向き,,0.75,2816.0,1.42,2560.4,3097.1
5101.T,横浜ゴム,mid,ゴム製品,2026-07-06,7919.0,64.6,中立,ゴールデンクロス,上向き,,0.68,7877.9,-0.52,6836.7,9077.6
5105.T,ＴＯＹＯ　ＴＩＲＥ,mid,ゴム製品,2026-07-06,3987.0,65.4,中立,上昇トレンド,上向き,上限タッチ,0.85,3893.6,-2.34,3501.5,4329.6
5108.T,ブリヂストン,large,ゴム製品,2026-07-06,3606.0,69.6,中立,上昇トレンド,上向き,上限タッチ,0.95,3555.5,-1.4,3323.8,3803.5
5110.T,住友ゴム工業,mid,ゴム製品,2026-07-06,2299.0,67.7,中立,上昇トレンド,上向き,,0.74,2250.2,-2.12,2007.9,2521.7
5201.T,ＡＧＣ,mid,ガラス・土石製品,2026-07-06,6737.0,44.4,中立,下降トレンド,横ばい,,0.68,7019.3,4.19,6243.1,7892.0
5214.T,日本電気硝子,mid,ガラス・土石製品,2026-07-06,6319.0,46.4,中立,デッドクロス,横ばい,,0.7,6199.9,-1.88,5312.7,7235.3
5232.T,住友大阪セメント,mid,ガラス・土石製品,2026-07-06,5878.0,54.7,中立,下降トレンド,上向き,,0.93,6140.0,4.46,5351.2,7045.2
5233.T,太平洋セメント,mid,ガラス・土石製品,2026-07-06,4174.0,52.8,中立,下降トレンド,横ばい,,0.83,4227.4,1.28,3770.8,4739.3
5301.T,東海カーボン,mid,ガラス・土石製品,2026-07-06,1742.5,57.5,中立,下降トレンド,横ばい,,0.67,1845.6,5.92,1624.6,2096.5
5332.T,ＴＯＴＯ,mid,ガラス・土石製品,2026-07-06,8551.0,57.9,中立,下降トレンド,上向き,,0.52,8880.9,3.86,7626.1,10342.1
5333.T,ＮＧＫ,mid,ガラス・土石製品,2026-07-06,7391.0,59.7,中立,下降トレンド,上向き,,0.75,7700.4,4.19,6794.3,8727.3
5334.T,日本特殊陶業,mid,ガラス・土石製品,2026-07-06,10800.0,60.0,中立,下降トレンド,上向き,,0.68,11058.3,2.39,9944.9,12296.4
5344.T,ＭＡＲＵＷＡ,mid,ガラス・土石製品,2026-07-06,68280.0,46.1,中立,上昇トレンド,横ばい,,1.82,69763.0,2.17,57639.7,84436.2
5393.T,ニチアス,mid,ガラス・土石製品,2026-07-06,3850.0,54.5,中立,下降トレンド,上向き,,0.78,3957.0,2.78,3501.2,4472.0
5401.T,日本製鉄,large,鉄鋼,2026-07-06,559.0,54.3,中立,ゴールデンクロス,下向き,,0.9,547.4,-2.08,507.8,590.1
5406.T,神戸製鋼所,mid,鉄鋼,2026-07-06,1924.0,51.5,中立,下降トレンド,下向き,,1.11,1909.8,-0.74,1764.4,2067.0
5411.T,ＪＦＥホールディングス,mid,鉄鋼,2026-07-06,1654.0,59.0,中立,上昇トレンド,下向き,,1.12,1602.1,-3.14,1484.4,1729.1
5444.T,大和工業,mid,鉄鋼,2026-07-06,12605.0,66.3,中立,上昇トレンド,上向き,,0.63,12397.3,-1.65,11285.4,13618.9
5463.T,丸一鋼管,mid,鉄鋼,2026-07-06,1931.5,71.1,買われすぎ,上昇トレンド,上向き,,1.07,1926.9,-0.24,1725.4,2151.8
5471.T,大同特殊鋼,mid,鉄鋼,2026-07-06,2774.0,62.7,中立,下降トレンド,上向き,,0.65,2827.7,1.94,2451.1,3262.2
5631.T,日本製鋼所,mid,機械,2026-07-06,8550.0,60.6,中立,上昇トレンド,横ばい,上限タッチ,1.43,8053.3,-5.81,6892.3,9409.9
5706.T,三井金属,mid,非鉄金属,2026-07-06,37520.0,38.2,中立,下降トレンド,下向き,,0.42,40387.0,7.64,31867.4,51184.3
5711.T,三菱マテリアル,mid,非鉄金属,2026-07-06,4626.0,47.3,中立,ゴールデンクロス,下向き,,0.92,4485.5,-3.04,3779.0,5324.1
5713.T,住友金属鉱山,mid,非鉄金属,2026-07-06,7924.0,44.3,中立,下降トレンド,下向き,,0.71,7670.0,-3.21,6245.3,9419.7
5714.T,ＤＯＷＡホールディングス,mid,非鉄金属,2026-07-06,8963.0,43.6,中立,下降トレンド,下向き,,0.71,8914.4,-0.54,7544.1,10533.6
5801.T,古河電気工業,mid,非鉄金属,2026-07-06,3888.0,39.6,中立,下降トレンド,下向き,,0.57,4138.2,6.44,3123.7,5482.3
5802.T,住友電気工業,large,非鉄金属,2026-07-06,2592.5,37.8,中立,下降トレンド,横ばい,,0.7,2766.0,6.69,2239.6,3416.0
5803.T,フジクラ,large,非鉄金属,2026-07-06,5354.0,48.9,中立,デッドクロス,横ばい,,0.63,5353.9,-0.0,4105.7,6981.5
5830.T,いよぎんホールディングス,mid,銀行業,2026-07-06,3320.0,65.1,中立,上昇トレンド,上向き,上限タッチ,0.88,3265.5,-1.64,2893.4,3685.5
5831.T,しずおかフィナンシャルグループ,mid,銀行業,2026-07-06,3341.0,74.7,買われすぎ,上昇トレンド,上向き,上限タッチ,1.14,3271.1,-2.09,2934.4,3646.3
5832.T,ちゅうぎんフィナンシャルグループ,mid,銀行業,2026-07-06,3240.0,65.5,中立,上昇トレンド,上向き,上限タッチ,1.04,3205.9,-1.05,2868.3,3583.3
5838.T,楽天銀行,mid,銀行業,2026-07-06,5425.0,56.5,中立,上昇トレンド,横ばい,,0.58,5121.0,-5.6,4285.0,6119.9
5844.T,京都フィナンシャルグループ,mid,銀行業,2026-07-06,4805.0,62.2,中立,上昇トレンド,上向き,,1.04,4738.7,-1.38,4262.8,5267.7
5901.T,東洋製罐グループホールディングス,mid,金属製品,2026-07-06,4162.0,63.0,中立,下降トレンド,上向き,,0.61,4224.7,1.51,3816.6,4676.5
5929.T,三和ホールディングス,mid,金属製品,2026-07-06,3874.0,63.5,中立,上昇トレンド,上向き,,0.49,3804.6,-1.79,3463.2,4179.7
5938.T,ＬＩＸＩＬ,mid,金属製品,2026-07-06,1880.0,76.4,買われすぎ,上昇トレンド,上向き,上限タッチ,0.88,1862.5,-0.93,1761.2,1969.6
5947.T,リンナイ,mid,金属製品,2026-07-06,3622.0,62.7,中立,上昇トレンド,上向き,,0.46,3580.4,-1.15,3362.5,3812.3
5991.T,日本発條,mid,金属製品,2026-07-06,4064.0,59.1,中立,下降トレンド,上向き,,0.65,4203.4,3.43,3653.6,4836.0
6005.T,三浦工業,mid,機械,2026-07-06,3207.0,54.4,中立,上昇トレンド,横ばい,,0.55,3164.3,-1.33,2895.6,3458.0
6098.T,リクルートホールディングス,large,サービス業,2026-07-06,11895.0,71.3,買われすぎ,下降トレンド,上向き,,0.64,12243.1,2.93,10597.8,14143.9
6113.T,アマダ,mid,機械,2026-07-06,3200.0,62.4,中立,ゴールデンクロス,上向き,,1.03,3209.7,0.3,2823.7,3648.5
6134.T,ＦＵＪＩ,mid,機械,2026-07-06,8650.0,58.9,中立,上昇トレンド,上向き,,1.01,8888.6,2.76,7528.3,10494.7
6136.T,オーエスジー,mid,機械,2026-07-06,4020.0,69.4,中立,上昇トレンド,上向き,,1.5,4009.9,-0.25,3646.1,4410.1
6141.T,ＤＭＧ森精機,mid,機械,2026-07-06,3775.0,62.9,中立,ゴールデンクロス,上向き,,0.86,3820.1,1.19,3287.6,4438.9
6146.T,ディスコ,large,機械,2026-07-06,78000.0,50.4,中立,下降トレンド,横ばい,,0.73,79036.6,1.33,65329.8,95619.1
6178.T,日本郵政,large,サービス業,2026-07-06,2326.0,68.8,中立,下降トレンド,上向き,上限タッチ,0.7,2335.5,0.41,2140.6,2548.1
6268.T,ナブテスコ,mid,機械,2026-07-06,5820.0,62.7,中立,上昇トレンド,横ばい,,1.12,5710.7,-1.88,4887.5,6672.5
6269.T,三井海洋開発,mid,機械,2026-07-06,10240.0,54.4,中立,上昇トレンド,下向き,,1.64,9450.6,-7.71,8028.6,11124.4
6273.T,ＳＭＣ,large,機械,2026-07-06,75790.0,59.9,中立,上昇トレンド,横ばい,,0.86,74041.5,-2.31,63637.7,86146.0
6301.T,小松製作所,large,機械,2026-07-06,6749.0,58.0,中立,ゴールデンクロス,下向き,,0.55,6604.7,-2.14,5800.9,7519.9
6302.T,住友重機械工業,mid,機械,2026-07-06,5477.0,59.2,中立,上昇トレンド,上向き,,0.73,5389.1,-1.6,4715.2,6159.2
6305.T,日立建機,mid,機械,2026-07-06,5453.0,57.3,中立,ゴールデンクロス,横ばい,,0.68,5356.2,-1.78,4762.2,6024.2
6323.T,ローツェ,mid,機械,2026-07-06,4745.0,54.9,中立,デッドクロス,上向き,,0.91,4803.3,1.23,3881.2,5944.5
6326.T,クボタ,large,機械,2026-07-06,2793.5,54.7,中立,下降トレンド,横ばい,,0.62,2791.8,-0.06,2450.8,3180.2
6361.T,荏原製作所,mid,機械,2026-07-06,6223.0,54.9,中立,下降トレンド,上向き,,1.04,6294.1,1.14,5316.0,7452.1
6367.T,ダイキン工業,large,機械,2026-07-06,26150.0,75.2,買われすぎ,上昇トレンド,上向き,上限タッチ,1.16,25917.1,-0.89,23150.8,29014.1
6368.T,オルガノ,mid,機械,2026-07-06,15610.0,44.2,中立,下降トレンド,下向き,,0.57,15796.6,1.2,13470.9,18523.8
6370.T,栗田工業,mid,機械,2026-07-06,9500.0,59.5,中立,ゴールデンクロス,上向き,,0.86,9507.7,0.08,8522.5,10606.8
6383.T,ダイフク,mid,機械,2026-07-06,7258.0,56.9,中立,上昇トレンド,横ばい,,0.79,7289.9,0.44,6480.9,8199.9
6417.T,ＳＡＮＫＹＯ,mid,機械,2026-07-06,1634.0,53.5,中立,上昇トレンド,横ばい,,0.71,1570.3,-3.9,1474.3,1672.5
6436.T,アマノ,mid,機械,2026-07-06,3745.0,67.9,中立,上昇トレンド,横ばい,上限タッチ,1.15,3671.4,-1.97,3496.4,3855.1
6448.T,ブラザー工業,mid,電気機器,2026-07-06,3759.0,55.1,中立,下降トレンド,横ばい,,0.96,3851.2,2.45,3569.4,4155.3
6457.T,グローリー,mid,機械,2026-07-06,4187.0,65.9,中立,上昇トレンド,横ばい,上限タッチ,0.9,4067.6,-2.85,3731.5,4433.9
6460.T,セガサミーホールディングス,mid,機械,2026-07-06,2408.5,64.9,中立,上昇トレンド,横ばい,上限タッチ,0.95,2330.3,-3.25,2110.4,2573.0
6465.T,ホシザキ,mid,機械,2026-07-06,5780.0,72.7,買われすぎ,上昇トレンド,上向き,上限タッチ,0.83,5580.5,-3.45,5081.3,6128.8
6471.T,日本精工,mid,機械,2026-07-06,1218.0,56.2,中立,上昇トレンド,横ばい,,0.84,1200.4,-1.44,1058.5,1361.3
6472.T,ＮＴＮ,mid,機械,2026-07-06,414.3,48.6,中立,下降トレンド,横ばい,,0.68,425.2,2.63,374.4,482.9
6473.T,ジェイテクト,mid,機械,2026-07-06,2175.0,62.6,中立,上昇トレンド,上向き,上限タッチ,0.68,2178.1,0.14,1933.6,2453.5
6479.T,ミネベアミツミ,mid,電気機器,2026-07-06,4500.0,47.8,中立,下降トレンド,上向き,,1.31,4848.7,7.75,4159.7,5651.9
6481.T,ＴＨＫ,mid,機械,2026-07-06,7723.0,56.0,中立,下降トレンド,上向き,,1.01,7948.1,2.91,6820.0,9262.7
6501.T,日立製作所,large,電気機器,2026-07-06,4805.0,52.6,中立,ゴールデンクロス,下向き,,0.85,4719.5,-1.78,4216.0,5283.1
6503.T,三菱電機,large,電気機器,2026-07-06,6043.0,52.6,中立,上昇トレンド,横ばい,,0.67,6023.6,-0.32,5322.8,6816.6
6504.T,富士電機,mid,電気機器,2026-07-06,13480.0,42.8,中立,下降トレンド,下向き,,0.69,14023.8,4.03,11931.9,16482.5
6506.T,安川電機,mid,電気機器,2026-07-06,7449.0,57.8,中立,上昇トレンド,上向き,,1.26,7594.2,1.95,6406.9,9001.5
6525.T,ＫＯＫＵＳＡＩ　ＥＬＥＣＴＲＩＣ,mid,電気機器,2026-07-06,11270.0,61.7,中立,上昇トレンド,上向き,,1.56,11271.6,0.01,8924.7,14235.6
6526.T,ソシオネクスト,mid,電気機器,2026-07-06,2700.0,54.6,中立,上昇トレンド,上向き,,1.1,2794.7,3.51,2344.3,3331.7
6532.T,ベイカレント,mid,サービス業,2026-07-06,6814.0,73.5,買われすぎ,上昇トレンド,上向き,上限タッチ,0.9,6650.6,-2.4,5534.0,7992.4
6544.T,ジャパンエレベーターサービスホールディングス,mid,サービス業,2026-07-06,1843.0,66.7,中立,上昇トレンド,横ばい,上限タッチ,0.57,1801.4,-2.26,1618.0,2005.5
6586.T,マキタ,mid,機械,2026-07-06,6029.0,63.0,中立,上昇トレンド,上向き,,0.51,5962.6,-1.1,5364.9,6626.8
6592.T,マブチモーター,mid,電気機器,2026-07-06,1655.0,69.7,中立,上昇トレンド,上向き,上限タッチ,0.88,1622.7,-1.95,1487.6,1770.2
6632.T,ＪＶＣケンウッド,mid,電気機器,2026-07-06,1150.5,55.0,中立,上昇トレンド,横ばい,,0.55,1128.8,-1.89,1006.1,1266.4
6645.T,オムロン,mid,電気機器,2026-07-06,6174.0,58.9,中立,上昇トレンド,上向き,,0.87,6189.4,0.25,5420.2,7067.7
6674.T,ジーエス・ユアサ　コーポレーション,mid,電気機器,2026-07-06,6656.0,49.1,中立,下降トレンド,横ばい,,0.83,6725.6,1.05,5843.6,7740.8
6701.T,日本電気,large,電気機器,2026-07-06,4347.0,62.4,中立,上昇トレンド,横ばい,上限タッチ,0.89,4200.9,-3.36,3605.7,4894.4
6702.T,富士通,large,電気機器,2026-07-06,3349.0,52.3,中立,上昇トレンド,横ばい,,0.62,3299.4,-1.48,2877.4,3783.4
6707.T,サンケン電気,mid,電気機器,2026-07-06,10685.0,55.9,中立,上昇トレンド,上向き,,0.53,10760.7,0.71,9161.7,12638.8
6723.T,ルネサスエレクトロニクス,large,電気機器,2026-07-06,4710.0,54.0,中立,下降トレンド,上向き,,0.67,4987.2,5.89,4102.5,6062.7
6724.T,セイコーエプソン,mid,電気機器,2026-07-06,2878.0,60.5,中立,下降トレンド,横ばい,,0.98,2940.3,2.16,2632.9,3283.5
6728.T,アルバック,mid,電気機器,2026-07-06,9768.0,50.7,中立,上昇トレンド,上向き,,0.49,9774.7,0.07,8292.5,11521.9
6752.T,パナソニック　ホールディングス,large,電気機器,2026-07-06,4557.0,62.1,中立,デッドクロス,上向き,,0.77,4666.9,2.41,4072.9,5347.5
6753.T,シャープ,mid,電気機器,2026-07-06,640.5,54.1,中立,上昇トレンド,上向き,,0.5,641.1,0.09,556.5,738.6
6754.T,アンリツ,mid,電気機器,2026-07-06,4225.0,47.3,中立,デッドクロス,横ばい,,1.31,4430.3,4.86,3752.1,5231.1
6758.T,ソニーグループ,large,電気機器,2026-07-06,3422.0,56.4,中立,上昇トレンド,横ばい,,0.63,3394.1,-0.82,3069.9,3752.5
6762.T,ＴＤＫ,large,電気機器,2026-07-06,3501.0,45.1,中立,下降トレンド,横ばい,,0.9,3764.7,7.53,3164.9,4478.1
6770.T,アルプスアルパイン,mid,電気機器,2026-07-06,2098.5,48.7,中立,上昇トレンド,下向き,,0.58,2074.6,-1.14,1821.8,2362.5
6806.T,ヒロセ電機,mid,電気機器,2026-07-06,28470.0,51.6,中立,下降トレンド,上向き,,1.0,29587.1,3.92,26126.6,33505.9
6841.T,横河電機,mid,電気機器,2026-07-06,5854.0,65.8,中立,上昇トレンド,上向き,,0.43,5695.0,-2.72,4974.5,6519.9
6845.T,アズビル,mid,電気機器,2026-07-06,1742.0,69.1,中立,上昇トレンド,上向き,,0.4,1753.2,0.64,1602.5,1918.1
6849.T,日本光電工業,mid,電気機器,2026-07-06,1500.0,66.6,中立,上昇トレンド,横ばい,上限タッチ,0.87,1461.7,-2.55,1350.2,1582.3
6856.T,堀場製作所,mid,電気機器,2026-07-06,27650.0,56.0,中立,下降トレンド,上向き,,0.79,28445.2,2.88,25457.5,31783.7
6857.T,アドバンテスト,large,電気機器,2026-07-06,29565.0,49.4,中立,下降トレンド,上向き,,0.75,30245.7,2.3,24718.1,37009.6
6861.T,キーエンス,large,電気機器,2026-07-06,80910.0,60.8,中立,上昇トレンド,上向き,,0.67,82099.9,1.47,72493.8,92978.8
6869.T,シスメックス,mid,電気機器,2026-07-06,1588.0,70.0,買われすぎ,上昇トレンド,上向き,上限タッチ,1.16,1554.2,-2.13,1377.9,1753.1
6902.T,デンソー,large,輸送用機器,2026-07-06,1992.0,64.7,中立,上昇トレンド,上向き,上限タッチ,0.74,1950.6,-2.08,1809.5,2102.7
6920.T,レーザーテック,large,電気機器,2026-07-06,47040.0,49.4,中立,下降トレンド,横ばい,,0.57,48130.9,2.32,39192.3,59108.1
6923.T,スタンレー電気,mid,電気機器,2026-07-06,3678.0,59.9,中立,下降トレンド,横ばい,,0.95,3733.8,1.52,3467.1,4021.0
6925.T,ウシオ電機,mid,電気機器,2026-07-06,4492.0,54.0,中立,デッドクロス,上向き,,1.23,4651.2,3.54,4036.8,5359.2
6951.T,日本電子,mid,電気機器,2026-07-06,7559.0,61.3,中立,上昇トレンド,上向き,,1.46,7569.7,0.14,6691.0,8563.7
6952.T,カシオ計算機,mid,電気機器,2026-07-06,1885.5,55.8,中立,下降トレンド,上向き,,0.77,1907.6,1.17,1712.2,2125.2
6954.T,ファナック,large,電気機器,2026-07-06,7477.0,51.9,中立,ゴールデンクロス,横ばい,,0.68,7608.2,1.75,6536.3,8855.8
6963.T,ローム,mid,電気機器,2026-07-06,5782.0,59.1,中立,ゴールデンクロス,上向き,,1.07,5941.2,2.75,4941.1,7143.6
6965.T,浜松ホトニクス,mid,電気機器,2026-07-06,2590.0,47.1,中立,下降トレンド,上向き,,0.89,2738.4,5.73,2285.3,3281.4
6971.T,京セラ,large,電気機器,2026-07-06,3874.0,64.2,中立,上昇トレンド,上向き,,0.75,3946.2,1.86,3538.0,4401.5
6976.T,太陽誘電,mid,電気機器,2026-07-06,18385.0,53.4,中立,下降トレンド,上向き,,0.71,20187.9,9.81,15484.3,26320.3
6981.T,村田製作所,large,電気機器,2026-07-06,10250.0,50.6,中立,下降トレンド,上向き,,0.61,11283.9,10.09,9105.6,13983.3
6988.T,日東電工,mid,化学,2026-07-06,3231.0,59.1,中立,上昇トレンド,上向き,,0.65,3193.6,-1.16,2902.1,3514.5
7003.T,三井Ｅ＆Ｓ,mid,機械,2026-07-06,4865.0,64.8,中立,上昇トレンド,横ばい,上限タッチ,2.84,4450.6,-8.52,3720.6,5323.8
7011.T,三菱重工業,large,機械,2026-07-06,4110.0,62.9,中立,上昇トレンド,横ばい,上限タッチ,1.77,3857.9,-6.13,3416.8,4356.0
7012.T,川崎重工業,mid,輸送用機器,2026-07-06,3003.0,51.7,中立,下降トレンド,下向き,,1.19,2936.9,-2.2,2478.4,3480.2
7013.T,ＩＨＩ,mid,機械,2026-07-06,3071.0,65.2,中立,上昇トレンド,横ばい,,1.49,2902.3,-5.49,2493.1,3378.8
7164.T,全国保証,mid,その他金融業,2026-07-06,3125.0,72.7,買われすぎ,上昇トレンド,横ばい,上限タッチ,0.59,3034.2,-2.91,2885.5,3190.6
7167.T,めぶきフィナンシャルグループ,mid,銀行業,2026-07-06,1529.5,72.8,買われすぎ,上昇トレンド,上向き,上限タッチ,0.88,1504.4,-1.64,1359.5,1664.9
7180.T,九州フィナンシャルグループ,mid,銀行業,2026-07-06,1519.0,65.4,中立,上昇トレンド,上向き,上限タッチ,1.01,1518.0,-0.07,1358.6,1696.1
7181.T,かんぽ生命保険,mid,保険業,2026-07-06,1654.5,67.5,中立,上昇トレンド,上向き,上限タッチ,0.75,1601.6,-3.2,1442.7,1778.1
7182.T,ゆうちょ銀行,large,銀行業,2026-07-06,3262.0,60.1,中立,下降トレンド,横ばい,,0.67,3284.4,0.69,2928.4,3683.7
7186.T,横浜フィナンシャルグループ,mid,銀行業,2026-07-06,1876.0,70.8,買われすぎ,上昇トレンド,上向き,上限タッチ,0.87,1862.6,-0.71,1668.4,2079.4
7189.T,西日本フィナンシャルホールディングス,mid,銀行業,2026-07-06,4318.0,62.6,中立,上昇トレンド,上向き,上限タッチ,0.84,4265.9,-1.21,3828.2,4753.8
7201.T,日産自動車,mid,輸送用機器,2026-07-06,319.1,44.7,中立,ゴールデンクロス,下向き,,1.0,314.4,-1.47,279.7,353.4
7202.T,いすゞ自動車,mid,輸送用機器,2026-07-06,2390.5,63.1,中立,上昇トレンド,横ばい,上限タッチ,1.41,2319.5,-2.97,2082.2,2583.9
7203.T,トヨタ自動車,large,輸送用機器,2026-07-06,2923.0,58.7,中立,上昇トレンド,横ばい,上限タッチ,1.0,2803.7,-4.08,2549.6,3083.1
7211.T,三菱自動車工業,mid,輸送用機器,2026-07-06,343.2,59.3,中立,上昇トレンド,横ばい,,1.0,339.8,-0.99,299.4,385.6
7240.T,ＮＯＫ,mid,輸送用機器,2026-07-06,2992.0,59.2,中立,ゴールデンクロス,上向き,,0.97,2975.9,-0.54,2770.7,3196.3
7259.T,アイシン,mid,輸送用機器,2026-07-06,2367.0,57.6,中立,ゴールデンクロス,下向き,,0.94,2327.7,-1.66,2085.9,2597.5
7261.T,マツダ,mid,輸送用機器,2026-07-06,1165.5,62.3,中立,ゴールデンクロス,上向き,,1.08,1149.7,-1.36,1025.7,1288.7
7267.T,本田技研工業,large,輸送用機器,2026-07-06,1599.0,74.8,買われすぎ,上昇トレンド,上向き,上限タッチ,1.34,1574.9,-1.51,1434.1,1729.6
7269.T,スズキ,large,輸送用機器,2026-07-06,2144.5,72.7,買われすぎ,上昇トレンド,上向き,上限タッチ,0.83,2103.1,-1.93,1897.0,2331.5
7270.T,ＳＵＢＡＲＵ,large,輸送用機器,2026-07-06,2589.5,63.5,中立,上昇トレンド,上向き,,0.94,2529.4,-2.32,2288.0,2796.3
7272.T,ヤマハ発動機,mid,輸送用機器,2026-07-06,1274.0,63.7,中立,上昇トレンド,上向き,上限タッチ,0.88,1271.6,-0.19,1147.5,1409.2
7276.T,小糸製作所,mid,電気機器,2026-07-06,2647.0,46.0,中立,下降トレンド,横ばい,,0.79,2670.5,0.89,2470.9,2886.3
7282.T,豊田合成,mid,輸送用機器,2026-07-06,5291.0,67.0,中立,上昇トレンド,上向き,,0.55,5314.4,0.44,4763.4,5929.1
7309.T,シマノ,large,輸送用機器,2026-07-06,17820.0,64.6,中立,上昇トレンド,上向き,,0.63,17566.1,-1.42,16221.2,19022.4
7313.T,テイ・エス　テック,mid,輸送用機器,2026-07-06,1785.0,57.8,中立,上昇トレンド,横ばい,,0.52,1772.7,-0.69,1683.8,1866.3
7337.T,ひろぎんホールディングス,mid,銀行業,2026-07-06,2228.0,70.4,買われすぎ,上昇トレンド,上向き,上限タッチ,0.82,2216.2,-0.53,2018.6,2433.0
7453.T,良品計画,mid,小売業,2026-07-06,3670.0,56.4,中立,上昇トレンド,下向き,,0.97,3601.2,-1.87,3215.7,4033.0
7458.T,第一興商,mid,卸売業,2026-07-06,1742.0,65.0,中立,上昇トレンド,上向き,,0.84,1720.2,-1.25,1637.7,1806.9
7459.T,メディパルホールディングス,mid,卸売業,2026-07-06,2700.5,54.7,中立,上昇トレンド,横ばい,,1.0,2652.5,-1.78,2496.7,2818.0
7476.T,アズワン,mid,卸売業,2026-07-06,2362.5,72.4,買われすぎ,上昇トレンド,上向き,上限タッチ,0.63,2309.4,-2.25,2164.0,2464.6
7532.T,パン・パシフィック・インターナショナルホールディングス,mid,小売業,2026-07-06,852.7,56.5,中立,上昇トレンド,下向き,,0.86,826.1,-3.12,757.1,901.4
7550.T,ゼンショーホールディングス,mid,小売業,2026-07-06,8746.0,64.8,中立,上昇トレンド,横ばい,上限タッチ,1.29,8411.4,-3.83,7580.1,9333.8
7616.T,コロワイド,mid,小売業,2026-07-06,1836.5,54.8,中立,上昇トレンド,横ばい,,0.81,1811.2,-1.38,1687.2,1944.2
7649.T,スギホールディングス,mid,小売業,2026-07-06,3220.0,63.2,中立,上昇トレンド,上向き,,0.54,3113.2,-3.32,2859.1,3389.9
7701.T,島津製作所,mid,精密機器,2026-07-06,4101.0,63.4,中立,上昇トレンド,上向き,,0.6,4078.9,-0.54,3762.5,4422.1
7729.T,東京精密,mid,精密機器,2026-07-06,18830.0,49.8,中立,下降トレンド,上向き,,1.32,19208.8,2.01,16181.4,22802.7
7731.T,ニコン,mid,精密機器,2026-07-06,2238.0,59.1,中立,上昇トレンド,上向き,,0.5,2243.0,0.22,1963.4,2562.4
7733.T,オリンパス,large,精密機器,2026-07-06,1764.0,55.9,中立,上昇トレンド,横ばい,,0.49,1772.2,0.46,1544.0,2034.1
7735.T,ＳＣＲＥＥＮホールディングス,mid,電気機器,2026-07-06,17860.0,61.3,中立,上昇トレンド,上向き,,1.08,18144.1,1.59,15059.1,21861.1
7741.T,ＨＯＹＡ,large,精密機器,2026-07-06,25575.0,41.9,中立,下降トレンド,下向き,,0.74,25338.7,-0.92,23158.4,27724.3
7747.T,朝日インテック,mid,精密機器,2026-07-06,3732.0,55.6,中立,上昇トレンド,上向き,,1.33,3754.8,0.61,3397.8,4149.3
7751.T,キヤノン,large,電気機器,2026-07-06,4338.0,62.2,中立,上昇トレンド,上向き,上限タッチ,0.7,4271.2,-1.54,4009.8,4549.6
7752.T,リコー,mid,電気機器,2026-07-06,1468.0,54.7,中立,下降トレンド,横ばい,,0.63,1473.3,0.36,1361.1,1594.8
7832.T,バンダイナムコホールディングス,large,その他製品,2026-07-06,4007.0,69.7,中立,上昇トレンド,上向き,上限タッチ,0.84,3912.6,-2.36,3636.5,4209.7
7846.T,パイロットコーポレーション,mid,その他製品,2026-07-06,1742.5,78.3,買われすぎ,上昇トレンド,上向き,,0.89,1721.6,-1.2,1619.3,1830.4
7867.T,タカラトミー,mid,その他製品,2026-07-06,3247.0,64.4,中立,上昇トレンド,上向き,,0.64,3261.4,0.44,2998.8,3546.9
7911.T,ＴＯＰＰＡＮホールディングス,mid,その他製品,2026-07-06,5425.0,67.8,中立,上昇トレンド,上向き,,0.59,5308.5,-2.15,4487.2,6280.2
7912.T,大日本印刷,mid,その他製品,2026-07-06,3136.0,73.8,買われすぎ,上昇トレンド,横ばい,,0.72,3020.8,-3.67,2724.2,3349.6
7936.T,アシックス,large,その他製品,2026-07-06,4724.0,61.3,中立,上昇トレンド,横ばい,上限タッチ,0.91,4624.4,-2.11,4143.6,5161.0
7951.T,ヤマハ,mid,その他製品,2026-07-06,1188.0,63.7,中立,上昇トレンド,上向き,上限タッチ,0.69,1164.0,-2.02,1072.2,1263.5
7956.T,ピジョン,mid,その他製品,2026-07-06,2106.0,73.4,買われすぎ,上昇トレンド,上向き,,0.63,2113.0,0.33,1983.5,2251.1
7974.T,任天堂,large,その他製品,2026-07-06,7033.0,47.1,中立,上昇トレンド,下向き,,0.7,6852.3,-2.57,6084.5,7717.0
7984.T,コクヨ,mid,その他製品,2026-07-06,844.7,65.2,中立,上昇トレンド,上向き,上限タッチ,0.85,823.3,-2.53,764.3,886.9
7988.T,ニフコ,mid,化学,2026-07-06,5163.0,75.8,買われすぎ,上昇トレンド,上向き,,1.04,5030.5,-2.57,4603.0,5497.7
8001.T,伊藤忠商事,large,卸売業,2026-07-06,1893.5,54.3,中立,上昇トレンド,横ばい,,0.84,1860.4,-1.75,1718.1,2014.5
8002.T,丸紅,large,卸売業,2026-07-06,5026.0,54.3,中立,上昇トレンド,下向き,,1.4,4801.5,-4.47,4258.9,5413.3
8012.T,長瀬産業,mid,卸売業,2026-07-06,1217.5,59.8,中立,ゴールデンクロス,上向き,,0.52,1196.8,-1.7,1086.2,1318.6
8015.T,豊田通商,large,卸売業,2026-07-06,6286.0,51.5,中立,上昇トレンド,下向き,,0.6,6224.5,-0.98,5465.2,7089.4
8020.T,兼松,mid,卸売業,2026-07-06,2120.0,55.1,中立,上昇トレンド,横ばい,,0.85,2078.7,-1.95,1900.6,2273.6
8031.T,三井物産,large,卸売業,2026-07-06,4667.0,40.7,中立,上昇トレンド,下向き,,0.68,4486.0,-3.88,4016.7,5010.1
8035.T,東京エレクトロン,large,電気機器,2026-07-06,72320.0,56.1,中立,下降トレンド,上向き,,0.55,75486.8,4.38,64115.3,88875.0
8053.T,住友商事,large,卸売業,2026-07-06,1591.0,46.6,中立,上昇トレンド,下向き,,0.61,1606.3,0.96,1417.8,1819.8
8056.T,ＢＩＰＲＯＧＹ,mid,情報・通信業,2026-07-06,4556.0,58.9,中立,上昇トレンド,横ばい,,0.88,4420.4,-2.98,4023.9,4855.8
8058.T,三菱商事,large,卸売業,2026-07-06,4507.0,41.1,中立,上昇トレンド,下向き,,0.67,4443.4,-1.41,3976.1,4965.5
8060.T,キヤノンマーケティングジャパン,mid,卸売業,2026-07-06,3608.0,62.0,中立,上昇トレンド,横ばい,上限タッチ,0.81,3519.9,-2.44,3294.9,3760.3
8086.T,ニプロ,mid,精密機器,2026-07-06,1552.5,35.4,中立,下降トレンド,横ばい,,0.75,1579.2,1.72,1469.0,1697.6
8088.T,岩谷産業,mid,卸売業,2026-07-06,2047.0,64.0,中立,上昇トレンド,横ばい,上限タッチ,1.1,2002.3,-2.18,1773.7,2260.4
8111.T,ゴールドウイン,mid,繊維製品,2026-07-06,2263.5,64.0,中立,上昇トレンド,上向き,上限タッチ,0.51,2223.7,-1.76,2060.0,2400.5
8113.T,ユニ・チャーム,large,化学,2026-07-06,990.0,67.3,中立,上昇トレンド,上向き,上限タッチ,0.82,966.5,-2.37,884.4,1056.3
8129.T,東邦ホールディングス,mid,卸売業,2026-07-06,3959.0,48.8,中立,上昇トレンド,下向き,,1.27,3856.0,-2.6,3571.4,4163.3
8136.T,サンリオ,mid,卸売業,2026-07-06,1155.0,71.9,買われすぎ,上昇トレンド,上向き,,0.93,1109.8,-3.91,958.4,1285.1
8174.T,日本瓦斯,mid,小売業,2026-07-06,2875.0,59.6,中立,上昇トレンド,上向き,,1.06,2834.8,-1.4,2641.4,3042.4
8227.T,しまむら,mid,小売業,2026-07-06,3434.0,60.4,中立,上昇トレンド,上向き,上限タッチ,0.77,3379.4,-1.59,2174.1,5252.8
8233.T,高島屋,mid,小売業,2026-07-06,2252.5,49.2,中立,下降トレンド,上向き,,0.9,2304.6,2.31,2094.1,2536.3
8242.T,エイチ・ツー・オー　リテイリング,mid,小売業,2026-07-06,2894.5,71.3,買われすぎ,上昇トレンド,上向き,,1.15,2886.0,-0.29,2662.6,3128.1
8252.T,丸井グループ,mid,小売業,2026-07-06,2981.5,68.0,中立,上昇トレンド,横ばい,上限タッチ,0.83,2893.5,-2.95,2719.9,3078.2
8253.T,クレディセゾン,mid,その他金融業,2026-07-06,4633.0,70.2,買われすぎ,上昇トレンド,上向き,上限タッチ,0.79,4513.2,-2.59,4134.6,4926.5
8267.T,イオン,large,小売業,2026-07-06,1455.0,59.1,中立,上昇トレンド,横ばい,上限タッチ,1.22,1371.4,-5.75,1226.2,1533.8
8282.T,ケーズホールディングス,mid,小売業,2026-07-06,1825.0,32.8,中立,下降トレンド,下向き,,0.75,1882.2,3.13,1748.2,2026.4
8283.T,ＰＡＬＴＡＣ,mid,卸売業,2026-07-06,6647.0,84.1,買われすぎ,下降トレンド,上向き,,0.36,6933.4,4.31,6265.3,7672.8
8303.T,ＳＢＩ新生銀行,mid,銀行業,2026-07-06,1467.0,29.1,売られすぎ,上昇トレンド,下向き,,0.6,-18645.3,-1370.98,-16506.9,-21060.8
8304.T,あおぞら銀行,mid,銀行業,2026-07-06,2933.0,69.3,中立,上昇トレンド,上向き,上限タッチ,1.44,2883.8,-1.68,2641.8,3148.0
8306.T,三菱ＵＦＪフィナンシャル・グループ,large,銀行業,2026-07-06,3370.0,65.1,中立,下降トレンド,上向き,,0.67,3374.4,0.13,3070.9,3708.0
8308.T,りそなホールディングス,large,銀行業,2026-07-06,2283.0,65.6,中立,ゴールデンクロス,上向き,上限タッチ,0.67,2262.8,-0.88,1997.0,2564.0
8309.T,三井住友トラストグループ,large,銀行業,2026-07-06,6540.0,72.2,買われすぎ,上昇トレンド,上向き,上限タッチ,0.89,6466.7,-1.12,5918.8,7065.2
8316.T,三井住友フィナンシャルグループ,large,銀行業,2026-07-06,6800.0,67.3,中立,ゴールデンクロス,上向き,上限タッチ,0.74,6777.8,-0.33,6107.4,7521.8
8331.T,千葉銀行,mid,銀行業,2026-07-06,2705.5,71.7,買われすぎ,上昇トレンド,上向き,上限タッチ,0.76,2677.8,-1.02,2391.2,2998.6
8334.T,群馬銀行,mid,銀行業,2026-07-06,2481.5,71.0,買われすぎ,上昇トレンド,上向き,上限タッチ,0.68,2445.7,-1.44,2182.9,2740.0
8341.T,七十七銀行,mid,銀行業,2026-07-06,3550.0,71.1,買われすぎ,上昇トレンド,上向き,上限タッチ,0.75,3492.8,-1.61,3135.0,3891.4
8354.T,ふくおかフィナンシャルグループ,mid,銀行業,2026-07-06,7324.0,65.8,中立,上昇トレンド,上向き,上限タッチ,0.99,7242.3,-1.12,6468.2,8109.0
8359.T,八十二長野銀行,mid,銀行業,2026-07-06,2550.0,69.1,中立,上昇トレンド,上向き,上限タッチ,0.52,2537.6,-0.49,2255.9,2854.5
8377.T,ほくほくフィナンシャルグループ,mid,銀行業,2026-07-06,7379.0,71.2,買われすぎ,上昇トレンド,上向き,上限タッチ,0.78,7233.7,-1.97,6381.6,8199.5
8410.T,セブン銀行,mid,銀行業,2026-07-06,290.2,67.2,中立,上昇トレンド,上向き,,0.84,288.5,-0.59,273.8,303.9
8411.T,みずほフィナンシャルグループ,large,銀行業,2026-07-06,8195.0,63.7,中立,ゴールデンクロス,上向き,,0.67,8185.9,-0.11,7215.4,9286.8
8418.T,山口フィナンシャルグループ,mid,銀行業,2026-07-06,3026.0,65.7,中立,上昇トレンド,上向き,上限タッチ,0.61,3002.1,-0.79,2700.8,3336.9
8424.T,芙蓉総合リース,mid,その他金融業,2026-07-06,4241.0,52.4,中立,ゴールデンクロス,下向き,,2.5,4208.0,-0.78,4001.5,4425.2
8439.T,東京センチュリー,mid,その他金融業,2026-07-06,2511.5,63.2,中立,下降トレンド,上向き,,0.7,2540.9,1.17,2345.9,2752.2
8473.T,ＳＢＩホールディングス,mid,証券、商品先物取引業,2026-07-06,2753.0,45.4,中立,下降トレンド,下向き,,2.06,2704.6,-1.76,2442.2,2995.2
8570.T,イオンフィナンシャルサービス,mid,その他金融業,2026-07-06,1521.5,59.6,中立,上昇トレンド,横ばい,,0.63,1492.4,-1.91,1383.1,1610.4
8572.T,アコム,mid,その他金融業,2026-07-06,485.0,72.2,買われすぎ,上昇トレンド,横ばい,上限タッチ,1.33,469.6,-3.18,436.8,504.8
8591.T,オリックス,large,その他金融業,2026-07-06,6388.0,60.8,中立,下降トレンド,上向き,,0.48,6525.4,2.15,5904.5,7211.6
8593.T,三菱ＨＣキャピタル,mid,その他金融業,2026-07-06,1372.0,64.2,中立,上昇トレンド,横ばい,上限タッチ,0.81,1332.6,-2.87,1250.1,1420.5
8595.T,ジャフコ　グループ,mid,証券、商品先物取引業,2026-07-06,2352.5,62.8,中立,上昇トレンド,上向き,,0.59,2342.1,-0.44,2240.8,2448.0
8601.T,大和証券グループ本社,mid,証券、商品先物取引業,2026-07-06,1713.5,73.3,買われすぎ,上昇トレンド,上向き,上限タッチ,0.79,1684.0,-1.72,1542.2,1838.7
8604.T,野村ホールディングス,large,証券、商品先物取引業,2026-07-06,1490.0,69.4,中立,上昇トレンド,上向き,上限タッチ,0.76,1475.6,-0.97,1328.9,1638.6
8630.T,ＳＯＭＰＯホールディングス,large,保険業,2026-07-06,6770.0,70.3,買われすぎ,上昇トレンド,上向き,上限タッチ,0.68,6611.1,-2.35,6002.0,7282.0
8697.T,日本取引所グループ,large,その他金融業,2026-07-06,2189.0,61.2,中立,ゴールデンクロス,上向き,,0.62,2170.6,-0.84,1952.4,2413.2
8725.T,ＭＳ＆ＡＤインシュアランスグループホールディングス,large,保険業,2026-07-06,4552.0,58.7,中立,下降トレンド,横ばい,,1.04,4556.5,0.1,4215.0,4925.7
8729.T,ソニーフィナンシャルグループ,large,保険業,2026-07-06,149.0,64.6,中立,上昇トレンド,上向き,,0.77,146.7,-1.54,134.6,159.9
8750.T,第一ライフグループ,large,保険業,2026-07-06,1875.5,71.6,買われすぎ,ゴールデンクロス,上向き,,0.68,1881.4,0.31,1721.2,2056.5
8766.T,東京海上ホールディングス,large,保険業,2026-07-06,7810.0,65.4,中立,上昇トレンド,上向き,上限タッチ,0.8,7630.6,-2.3,6794.8,8569.1
8795.T,Ｔ＆Ｄホールディングス,mid,保険業,2026-07-06,5053.0,68.5,中立,下降トレンド,上向き,,0.84,5050.9,-0.04,4548.1,5609.3
8801.T,三井不動産,large,不動産業,2026-07-06,1555.5,55.7,中立,上昇トレンド,横ばい,,0.52,1503.7,-3.33,1359.6,1663.1
8802.T,三菱地所,large,不動産業,2026-07-06,4253.0,57.1,中立,上昇トレンド,横ばい,,0.6,4118.9,-3.15,3682.8,4606.7
8804.T,東京建物,mid,不動産業,2026-07-06,3399.0,60.5,中立,上昇トレンド,横ばい,上限タッチ,0.92,3288.0,-3.27,2989.1,3616.8
8830.T,住友不動産,large,不動産業,2026-07-06,3859.0,57.4,中立,上昇トレンド,横ばい,上限タッチ,0.49,3620.5,-6.18,3219.3,4071.7
8876.T,リログループ,mid,サービス業,2026-07-06,2132.0,78.9,買われすぎ,上昇トレンド,横ばい,上限タッチ,1.66,2054.9,-3.62,1918.9,2200.5
9001.T,東武鉄道,mid,陸運業,2026-07-06,2940.5,60.1,中立,上昇トレンド,上向き,,0.85,2916.1,-0.83,2759.6,3081.5
9003.T,相鉄ホールディングス,mid,陸運業,2026-07-06,2525.0,57.7,中立,上昇トレンド,横ばい,上限タッチ,0.65,2434.4,-3.59,2300.6,2576.0
9005.T,東急,mid,陸運業,2026-07-06,1708.0,57.7,中立,上昇トレンド,横ばい,,0.69,1675.3,-1.91,1586.0,1769.5
9006.T,京浜急行電鉄,mid,陸運業,2026-07-06,1564.5,67.9,中立,上昇トレンド,横ばい,上限タッチ,1.21,1524.1,-2.58,1438.0,1615.4
9007.T,小田急電鉄,mid,陸運業,2026-07-06,1697.0,57.8,中立,上昇トレンド,上向き,,0.95,1687.2,-0.58,1576.7,1805.4
9008.T,京王電鉄,mid,陸運業,2026-07-06,755.3,56.5,中立,上昇トレンド,横ばい,,0.83,742.9,-1.64,699.8,788.6
9009.T,京成電鉄,mid,陸運業,2026-07-06,1255.0,78.0,買われすぎ,上昇トレンド,上向き,上限タッチ,1.87,1199.8,-4.4,1109.2,1297.8
9020.T,東日本旅客鉄道,large,陸運業,2026-07-06,3502.0,55.8,中立,上昇トレンド,横ばい,上限タッチ,0.54,3446.4,-1.59,3198.7,3713.4
9021.T,西日本旅客鉄道,large,陸運業,2026-07-06,2869.5,68.7,中立,上昇トレンド,横ばい,上限タッチ,1.31,2748.0,-4.23,2577.2,2930.0
9022.T,東海旅客鉄道,large,陸運業,2026-07-06,3559.0,58.3,中立,上昇トレンド,横ばい,,0.58,3409.0,-4.21,3145.0,3695.1
9023.T,東京地下鉄,mid,陸運業,2026-07-06,1465.5,61.5,中立,上昇トレンド,横ばい,上限タッチ,0.57,1417.3,-3.29,1342.8,1496.0
9024.T,西武ホールディングス,mid,陸運業,2026-07-06,3590.0,72.0,買われすぎ,上昇トレンド,横ばい,上限タッチ,0.9,3296.0,-8.19,2938.1,3697.6
9031.T,西日本鉄道,mid,陸運業,2026-07-06,2963.5,61.6,中立,上昇トレンド,上向き,,0.68,2896.7,-2.25,2714.2,3091.4
9041.T,近鉄グループホールディングス,mid,陸運業,2026-07-06,3479.0,54.4,中立,ゴールデンクロス,下向き,,0.59,3467.1,-0.34,3272.9,3672.8
9042.T,阪急阪神ホールディングス,mid,陸運業,2026-07-06,4566.0,58.2,中立,上昇トレンド,下向き,,0.9,4478.7,-1.91,4167.8,4812.7
9044.T,ＮＡＮＫＡＩ,mid,陸運業,2026-07-06,2922.5,63.2,中立,上昇トレンド,横ばい,上限タッチ,0.84,2834.6,-3.01,2671.4,3007.6
9045.T,京阪ホールディングス,mid,陸運業,2026-07-06,3210.0,55.5,中立,上昇トレンド,横ばい,,0.91,3168.1,-1.31,3000.2,3345.4
9048.T,名古屋鉄道,mid,陸運業,2026-07-06,1864.0,58.5,中立,上昇トレンド,上向き,,0.82,1861.1,-0.16,1774.2,1952.3
9064.T,ヤマトホールディングス,mid,陸運業,2026-07-06,1995.5,76.5,買われすぎ,上昇トレンド,上向き,上限タッチ,1.54,1942.4,-2.66,1805.0,2090.4
9065.T,山九,mid,陸運業,2026-07-06,8831.0,58.0,中立,上昇トレンド,横ばい,上限タッチ,0.97,8745.2,-0.97,8185.1,9343.7
9069.T,センコーグループホールディングス,mid,陸運業,2026-07-06,1994.0,61.3,中立,上昇トレンド,上向き,上限タッチ,0.66,1979.7,-0.72,1843.5,2125.9
9072.T,ニッコンホールディングス,mid,陸運業,2026-07-06,5500.0,39.4,中立,下降トレンド,横ばい,,0.88,5785.7,5.19,5012.5,6678.3
9076.T,セイノーホールディングス,mid,陸運業,2026-07-06,2673.5,57.0,中立,下降トレンド,横ばい,,0.77,2689.5,0.6,2563.2,2822.0
9101.T,日本郵船,large,海運業,2026-07-06,5370.0,51.4,中立,ゴールデンクロス,下向き,,0.68,5247.8,-2.28,4843.0,5686.4
9104.T,商船三井,large,海運業,2026-07-06,5379.0,48.3,中立,ゴールデンクロス,下向き,,0.82,5220.1,-2.95,4719.1,5774.3
9107.T,川崎汽船,mid,海運業,2026-07-06,2619.0,56.9,中立,ゴールデンクロス,横ばい,,0.67,2576.9,-1.61,2340.5,2837.2
9142.T,九州旅客鉄道,mid,陸運業,2026-07-06,3600.0,60.0,中立,上昇トレンド,横ばい,上限タッチ,0.89,3527.8,-2.01,3371.0,3691.9
9143.T,ＳＧホールディングス,mid,陸運業,2026-07-06,1604.5,67.0,中立,上昇トレンド,上向き,上限タッチ,0.64,1566.6,-2.36,1443.7,1700.1
9147.T,ＮＩＰＰＯＮ　ＥＸＰＲＥＳＳホールディングス,mid,陸運業,2026-07-06,5552.0,76.2,買われすぎ,上昇トレンド,上向き,上限タッチ,0.83,5598.4,0.84,5178.8,6051.8
9201.T,日本航空,mid,空運業,2026-07-06,3114.0,77.2,買われすぎ,上昇トレンド,上向き,上限タッチ,1.05,3065.3,-1.56,2800.2,3355.4
9202.T,ＡＮＡホールディングス,large,空運業,2026-07-06,3180.0,70.8,買われすぎ,上昇トレンド,上向き,上限タッチ,0.99,3135.7,-1.39,2896.3,3394.8
9301.T,三菱倉庫,mid,倉庫・運輸関連業,2026-07-06,1607.5,73.7,買われすぎ,上昇トレンド,上向き,上限タッチ,0.83,1594.0,-0.84,1495.3,1699.1
9302.T,三井倉庫ホールディングス,mid,倉庫・運輸関連業,2026-07-06,3603.0,43.8,中立,下降トレンド,下向き,,0.73,3539.7,-1.76,3258.5,3845.1
9364.T,上組,mid,倉庫・運輸関連業,2026-07-06,5330.0,71.9,買われすぎ,上昇トレンド,横ばい,上限タッチ,1.24,5133.1,-3.69,4821.0,5465.4
9401.T,ＴＢＳホールディングス,mid,情報・通信業,2026-07-06,6443.0,65.9,中立,上昇トレンド,上向き,,1.03,6400.4,-0.66,5894.6,6949.5
9404.T,日本テレビホールディングス,mid,情報・通信業,2026-07-06,2896.0,57.9,中立,上昇トレンド,横ばい,,0.82,2821.8,-2.56,2642.3,3013.5
9432.T,ＮＴＴ,large,情報・通信業,2026-07-06,147.0,50.9,中立,上昇トレンド,下向き,,0.71,145.7,-0.88,140.3,151.3
9433.T,ＫＤＤＩ,large,情報・通信業,2026-07-06,2737.5,54.5,中立,ゴールデンクロス,上向き,,0.49,2733.8,-0.14,2536.3,2946.6
9434.T,ソフトバンク,large,情報・通信業,2026-07-06,210.4,49.0,中立,上昇トレンド,下向き,,0.62,208.7,-0.81,200.1,217.8
9435.T,光通信,mid,情報・通信業,2026-07-06,36550.0,54.0,中立,上昇トレンド,下向き,,0.78,35639.0,-2.49,32996.0,38493.7
9449.T,ＧＭＯインターネットグループ,mid,情報・通信業,2026-07-06,3646.0,65.4,中立,上昇トレンド,上向き,,0.55,3577.6,-1.88,3131.0,4087.9
9468.T,ＫＡＤＯＫＡＷＡ,mid,情報・通信業,2026-07-06,3710.0,69.4,中立,上昇トレンド,横ばい,,0.6,3588.8,-3.27,3236.5,3979.5
9501.T,東京電力ホールディングス,mid,電気・ガス業,2026-07-06,468.8,38.1,中立,ゴールデンクロス,下向き,,0.66,453.1,-3.35,389.8,526.6
9502.T,中部電力,mid,電気・ガス業,2026-07-06,3200.0,75.2,買われすぎ,上昇トレンド,上向き,,0.66,3161.2,-1.21,2907.0,3437.6
9503.T,関西電力,mid,電気・ガス業,2026-07-06,2280.0,44.8,中立,下降トレンド,下向き,,0.94,2250.5,-1.29,2062.0,2456.3
9504.T,中国電力,mid,電気・ガス業,2026-07-06,947.1,68.7,中立,上昇トレンド,横ばい,上限タッチ,1.08,916.8,-3.2,843.9,996.0
9505.T,北陸電力,mid,電気・ガス業,2026-07-06,917.9,66.0,中立,上昇トレンド,横ばい,上限タッチ,1.27,872.7,-4.92,786.0,968.9
9506.T,東北電力,mid,電気・ガス業,2026-07-06,1097.5,67.9,中立,上昇トレンド,上向き,上限タッチ,1.2,1062.6,-3.18,976.4,1156.4
9507.T,四国電力,mid,電気・ガス業,2026-07-06,1507.5,57.3,中立,上昇トレンド,横ばい,,0.78,1450.8,-3.76,1336.4,1574.9
9508.T,九州電力,mid,電気・ガス業,2026-07-06,1720.5,60.9,中立,上昇トレンド,横ばい,上限タッチ,0.88,1679.3,-2.39,1540.4,1830.6
9509.T,北海道電力,mid,電気・ガス業,2026-07-06,983.0,63.6,中立,上昇トレンド,横ばい,上限タッチ,1.31,948.4,-3.52,855.3,1051.6
9513.T,電源開発,mid,電気・ガス業,2026-07-06,3670.0,38.8,中立,下降トレンド,下向き,,1.01,3679.1,0.25,3384.8,3999.1
9531.T,東京瓦斯,mid,電気・ガス業,2026-07-06,6156.0,46.2,中立,上昇トレンド,下向き,,0.71,6037.1,-1.93,5546.0,6571.6
9532.T,大阪瓦斯,mid,電気・ガス業,2026-07-06,5515.0,52.3,中立,上昇トレンド,下向き,,0.66,5380.4,-2.44,4975.5,5818.3
9533.T,東邦瓦斯,mid,電気・ガス業,2026-07-06,1254.5,56.6,中立,上昇トレンド,下向き,,0.86,1234.3,-1.61,1139.1,1337.4
9602.T,東宝,mid,情報・通信業,2026-07-06,1355.0,60.1,中立,上昇トレンド,横ばい,上限タッチ,0.78,1290.4,-4.77,1183.0,1407.5
9616.T,共立メンテナンス,mid,サービス業,2026-07-06,3152.0,73.8,買われすぎ,上昇トレンド,上向き,,1.18,3115.8,-1.15,2883.1,3367.3
9627.T,アインホールディングス,mid,小売業,2026-07-06,5779.0,58.6,中立,上昇トレンド,下向き,,0.7,5647.2,-2.28,5232.2,6095.0
9684.T,スクウェア・エニックス・ホールディングス,mid,情報・通信業,2026-07-06,2555.0,60.0,中立,上昇トレンド,横ばい,上限タッチ,0.53,2508.7,-1.81,2297.1,2739.7
9697.T,カプコン,mid,情報・通信業,2026-07-06,3299.0,66.5,中立,上昇トレンド,横ばい,上限タッチ,0.59,3136.4,-4.93,2745.1,3583.4
9706.T,日本空港ビルデング,mid,不動産業,2026-07-06,5397.0,73.6,買われすぎ,上昇トレンド,横ばい,上限タッチ,0.67,5216.8,-3.34,4828.5,5636.4
9735.T,セコム,large,サービス業,2026-07-06,6637.0,61.5,中立,ゴールデンクロス,上向き,,0.65,6655.6,0.28,6244.9,7093.3
9744.T,メイテックグループホールディングス,mid,サービス業,2026-07-06,3170.0,68.3,中立,上昇トレンド,上向き,上限タッチ,0.74,3121.3,-1.54,3000.9,3246.5
9759.T,ＮＳＤ,mid,情報・通信業,2026-07-06,2627.0,62.8,中立,上昇トレンド,横ばい,上限タッチ,0.75,2542.6,-3.21,2373.0,2724.2
9766.T,コナミグループ,mid,情報・通信業,2026-07-06,18750.0,53.5,中立,上昇トレンド,下向き,,0.61,18261.2,-2.61,16070.4,20750.6
9831.T,ヤマダホールディングス,mid,小売業,2026-07-06,650.2,53.0,中立,下降トレンド,横ばい,,0.78,666.9,2.57,628.0,708.2
9843.T,ニトリホールディングス,mid,小売業,2026-07-06,2375.0,43.7,中立,下降トレンド,横ばい,,0.67,2404.2,1.23,2143.8,2696.3
9861.T,吉野家ホールディングス,mid,小売業,2026-07-06,3240.0,61.1,中立,上昇トレンド,横ばい,上限タッチ,0.89,3158.9,-2.5,2989.1,3338.3
9934.T,因幡電機産業,mid,卸売業,2026-07-06,2799.5,61.8,中立,上昇トレンド,上向き,上限タッチ,1.06,2773.5,-0.93,2594.1,2965.3
9962.T,ミスミグループ本社,mid,卸売業,2026-07-06,4150.0,69.3,中立,上昇トレンド,上向き,,0.54,4177.6,0.67,3676.3,4747.2
9983.T,ファーストリテイリング,large,小売業,2026-07-06,86930.0,68.4,中立,ゴールデンクロス,上向き,上限タッチ,0.86,86830.1,-0.11,78415.7,96147.5
9984.T,ソフトバンクグループ,large,情報・通信業,2026-07-06,5979.0,43.1,中立,下降トレンド,横ばい,,0.54,6440.2,7.71,5002.0,8292.0
9987.T,スズケン,mid,卸売業,2026-07-06,5037.0,48.9,中立,上昇トレンド,下向き,,0.92,4891.6,-2.89,4584.4,5219.3
9989.T,サンドラッグ,mid,小売業,2026-07-06,3872.0,59.1,中立,上昇トレンド,上向き,,0.88,3829.0,-1.11,3650.3,4016.4
